        Duration (days);持续时间（天）;
        Start Day;开始日;
     Low;低;
    Bus #;总线;
    Element #;元素;
   Alert;警告;
   Dirty;脏;
   Slave;从机;
  Day of Week (1=Monday);一周内第几天(1=周一);
  Master;主机;
  Month;月;
  Week Number of Month;一个月第几周;
 ;0;
 Access Denied.; 访问受限;
 Disable;停用;
 Invalid Min/Max Range.; 无效的上下限;
 Max Range must be greater than Min Range.; 上限必须大于下限;
 On Auto;自动;
 On Cool;制冷;
 On Heat;制热;
 Please enter the values with in the range.; 输入超限;
%;%;
'From'  ;'从';
'From' time should not exceed 'To' time  ;'开始' 时间不能超过'结束' 时间;
'From';开始;
'To'  ;'到';
'To' time should be greater than 'From' time  ;“到”时间必须大于“从”时间;
'To' time should be greater than 'From' time;结束时间必须大于起始时间;
'To';结束;
(Only for Legacy DV4);(仅对DV4有效);
(UTC+01:00) Brussels,Copenhagen,Madrid,Paris;(UTC+01:00) Brussels,Copenhagen,Madrid,Paris;
(UTC+03:00) Moscow,St.Petersburg,Volgograd;(UTC+03:00) Moscow,St.Petersburg,Volgograd;
(UTC+04:00) Abu Dhabi,Muscat;(UTC+04:00) Abu Dhabi,Muscat;
(UTC+05:30) New Delhi, Mumbai ;(UTC+05:30) New Delhi, Mumbai ;
(UTC+07:00) Hanoi, Bangkok;(UTC+07:00) Hanoi, Bangkok;
(UTC+08:00) Beijing,Chongqing,Hong Kong,Urumqi;(UTC+08:00) 北京,重庆,香港,乌鲁木齐;
(UTC+08:00) Kuala Lumpur,Singapore;(UTC+08:00) Kuala Lumpur,Singapore;
(UTC+09:00) Seoul, Jayapura;(UTC+09:00) Seoul, Jayapura;
(UTC+10:00) Canberra,Melbourne,Sydney;(UTC+10:00) Canberra,Melbourne,Sydney;
(UTC-00:00) Dublin,Edinburgh,Lisbon,London;(UTC-00:00) Dublin,Edinburgh,Lisbon,London;
(UTC-00:00) UTC;(UTC-00:00) UTC;
(UTC-05:00) Eastern Time(US and Canada);(UTC-05:00) Eastern Time(US and Canada);
(UTC-07:00) Arizona;(UTC-07:00) Arizona;
(UTC-08:00) Pacific Time (US and Canada);(UTC-08:00) Pacific Time (US and Canada);
***********;***********;
0 = STOP,1 = START;0 = 停机,1 = 启动;
0 = Stop, 1 = Run;0 = 停机, 1 = 运行;
0 min;0 分钟;
0-5V=0, 0-10V=1;0-5V=0, 0-10V=1;
0.00;0.00;
0.0;0.0;
0000;0000;
000;000;
00;00;
0;0;
0=Disable;0=禁用;
0=STOP, 1=RUN, 2=RESET;0=停机, 1=运行, 2=重置;
0=STOP,1=RUN;0=停机,1=运行;
1 Bit=1,2 Bits=2;1位=1,2位=2;
1 Shot;同步一次;
1. Password can contain up to 23 characters \n2. The new user Password should not be the same as Basic/Admin/Factory passwords;1. 新用户密码最多23个字符\n2. 新密码不能与当前密码或其他级别密码重复;
1.8V Supply Fault;1.8V电源故障;
100% Lift Demand Limit;满负荷限制;
10K Therm=3, 5K Therm=4;10K热敏电阻=3, 5K热敏电阻=4;
185PSI=0, 300PSI=1;185PSI=0, 300PSI=1;
19200;19200;
19200=3, 38400=4;19200=3, 38400=4;
19DV Outputs Status;19DV输出参数;
19DV Quick Test;19DV快速测试;
19DV;19DV;
19DV=2;19DV=2;
19XR2~5/C/D/E/V=1;19XR2~5/C/D/E/V=1;
19XR6/7;19XR6/7;
19XR6/7=0;19XR6/7=0;
19XR;19XR;
19XRF;19XRF;
19XRF=3;19XRF=3;
1=32VSF,  2=Commercial;1=32VSF,  2=商用谐波滤波器;
1CR Start Complete;1CR启动完成;
1CR Stop Complete;1CR停机完成;
1M Start/Run Fault;1M启动/运行故障;
1M/2M Stop Fault;1M/2M停机故障;
1m/4h=2, Comb. 0&1=3;1分钟/4小时=2, 0&1组合=3;
1st Stage Bearing Temp;1级轴承温度;
2 = Device Fault;2 = 设备故障;
20% Lift Demand Limit;最低负荷限制;
24:MM;HH:MM AM;
24V Supply Fault;24V电源故障;
2KHz=0, 4KHz=1;2KHz=0, 4KHz=1;
2M Start/Run Fault;2M启动/运行故障;
2nd Stage Bearing Temp;2级轴承温度;
3 = RESET;3 = 重置;
3 = Service Fault;3 = 服务故障;
32VSF Control Cmd;32VSF控制命令;
38400 = 2, 57600 = 3;38400 = 2, 57600 = 3;
38400;38400;
4 = Loss Comm;4 = 失去通讯;
4-20mA Damper;调节阀（模拟型）;
4-20mA;4-20mA;
4-valve Lube(Legacy DV4);4电动阀制冷剂润滑选项(DV4);
44PSI=0, 72PSI=1;44PSI=0, 72PSI=1;
4800=1, 9600=2;4800=1, 9600=2;
5 = Disable;5 = 停用;
5V Sensor Power Monitor;5V供电监测;
76800 = 4, 115200 = 5;76800 = 4, 115200 = 5;
9600 = 0, 19200 = 1;9600 = 0, 19200 = 1;
9600;9600;
9600=0,19200=1,38400=2;9600=0,19200=1,38400=2;
<error>;<错误>;
<no link>;<没有链接>;
@;@;
ACCESS DENIED !;禁止访问!;
AHF Alarm status;谐波滤波器报警状态;
AHF Control Cmd;谐波滤波器控制命令;
AHF Fault status;谐波滤波器故障状态;
AHF Option;谐波滤波器选项;
AHF Ready;谐波滤波器待机;
AHF Status;谐波滤波器状态;
AHF;谐波滤波器;
ALARM;报警;
ALC Auto Id Scheme;ALC自动ID策略;
ALERT;警告;
ALM MESSAGE END;报警信息结束;
ALM-200 Sensor Fault - Leaving Chilled Water;报警-200 传感器故障-冷水出水温度;
ALM-201 Sensor Fault - Entering Chilled Water;报警-201 传感器故障-冷水进水温度;
ALM-202 Sensor Fault - Leaving Cond Water Temp;报警-202 传感器故障-冷却水出水温度;
ALM-203 Sensor Fault - Entering Cond Water Temp;报警-203 传感器故障-冷却水进水温度;
ALM-204 Sensor Fault - Comp Discharge Temp;报警-204 传感器故障-压缩机排气温度;
ALM-205 Sensor Fault - Oil Sump Temp;报警-205 传感器故障-油箱温度;
ALM-206 Sensor Fault - Oil Supply Temp;报警-206 传感器故障-供油温度;
ALM-207 Sensor Fault - Evap Refrig Liquid Temp;报警-207 传感器故障-蒸发器制冷剂液体温度;
ALM-208 Sensor Fault - Low Speed Motor End Bearing Temp;报警-208 传感器故障-低速电机侧轴承温度;
ALM-209 Sensor Fault - Low Speed Comp End Bearing Temp;报警-209 传感器故障-低速压缩机侧轴承温度;
ALM-210 Sensor Fault - High Speed Motor End Bearing Temp;报警-210 传感器故障-高速电机侧轴承温度;
ALM-211 Sensor Fault - High Speed Comp End Bearing Temp;报警-211 传感器故障-高速压缩机侧轴承温度;
ALM-212 Sensor Fault - Compressor Motor Winding 1 Temp;报警-212 传感器故障-压缩机电机绕组1温度;
ALM-213 Sensor Fault - Compressor Motor Winding 2 Temp;报警-213 传感器故障-压缩机电机绕组2温度;
ALM-214 Sensor Fault - Compressor Motor Winding 3 Temp;报警-214 传感器故障-压缩机电机绕组3温度;
ALM-215 Sensor Fault - Condenser Pressure;报警-215 传感器故障-冷凝器压力;
ALM-216 Sensor Fault - Evaporator Pressure;报警-216 传感器故障-蒸发器压力;
ALM-217 Sensor Fault - Economizer Pressure;报警-217 传感器故障-经济器压力;
ALM-218 Sensor Fault - Diffuser Pressure;报警-218 传感器故障-扩压器压力;
ALM-219 Sensor Fault - Oil Sump Pressure;报警-219 传感器故障-油箱压力;
ALM-220 Sensor Fault - Oil Supply Pressure;报警-220 传感器故障-供油压力;
ALM-221 Sensor Fault - Comp Thrust Bearing Oil Temp;报警-221 传感器故障-压缩机推力轴承油温;
ALM-223 Sensor Fault - Purge Compressor Suction Temp;报警-223 传感器故障-抽气装置压缩机吸气温度;
ALM-225 Sensor Fault - Pump Inlet Pressure;报警-225 传感器故障-制冷剂泵进口压力;
ALM-226 Sensor Fault - Bearing Inlet Pressure;报警-226 传感器故障-轴承进口压力;
ALM-227 Sensor Fault - Bearing Outlet Pressure;报警-227 传感器故障-轴承出口压力;
ALM-228 Sensor Fault - Common CHWS Temp;报警-228 传感器故障-总管供水温度;
ALM-229 Sensor Fault - Common CHWR Temp;报警-229 传感器故障-总管回水温度;
ALM-230 Prestart Failure - High Bearing Temperature;报警-230 预启动失败-轴承温度过高;
ALM-231 Prestart Failure - High Motor Temperature;报警-231 预启动失败-电机温度过高;
ALM-232 Prestart Failure - High Discharge Temp;报警-232 预启动失败-排气温度过高;
ALM-233 Prestart Failure - Low Refrigerant Temp;报警-233 预启动失败-制冷剂温度过低;
ALM-234 Prestart Failure - Low Line Voltage;报警-234 预启动失败-线电压过低;
ALM-235 Prestart Failure - High Line Voltage;报警-235 预启动失败-线电压过高;
ALM-236 Guide Vane 1 Calibration Not Completed;报警-236 导叶1校准未完成;
ALM-237 Prestart Failure - No Power Supply;报警-237 预启动失败-未得到供电许可;
ALM-238 Guide Vane 2 Calibration Not Completed;报警-238 导叶2校准未完成;
ALM-239 Envelope Control Valve Calibration Not Completed;报警-239 先进稳定控制阀校准未完成;
ALM-240 Damper Valve Calibration Not Completed;报警-240 经济器调节阀校准未完成;
ALM-250 Protective Limit - Oil Pressure Difference Failure;报警-250 保护性限制-油压差失败;
ALM-251 Protective Limit - Low Chilled Water Flow;报警-251 保护性限制-冷水流量过低;
ALM-252 Protective Limit - Low Condenser Water Flow;报警-252 保护性限制-冷却水流量过低;
ALM-253 Protective Limit - High Discharge Temp;报警-253 保护性限制-排气温度过高;
ALM-254 Protective Limit - Low Evap Refrigerant Temp;报警-254 保护性限制-蒸发器制冷剂温度过低;
ALM-255 Protective Limit - High Motor Temperature;报警-255 保护性限制-电机温度过高;
ALM-256 Protective Limit - High Bearing Temperature;报警-256 保护性限制-轴承温度过高;
ALM-257 Protective Limit - High Condenser Pressure;报警-257 保护性限制-冷凝器压力过高;
ALM-258 Protective Limit - Spare Safety Device;报警-258 保护性限制-备用安全装置;
ALM-259 Protective Limit - Excessive Compressor Surge;报警-259 保护性限制-压缩机喘振过多;
ALM-260 Protective Limit - Comp Start Relay Start Failure;报警-260 保护性限制-压缩机继电器启动失败;
ALM-261 Protective Limit - Low Temp / Potential Evap Freeze-up;报警-261 保护性限制-蒸发器温度低/防冻预先保护;
ALM-262 Protective Limit - Low Temp / Potential Cond Freeze-up;报警-262 保护性限制-冷凝器温度低/防冻预先保护;
ALM-263 Protective Limit - Invalid Diffuser Config;报警-263 保护性限制-扩压器配置无效;
ALM-264 Protective Limit - Diffuser Position Fault;报警-264 保护性限制-扩压器位置故障;
ALM-265 Protective Limit - Refrigerant Leak;报警-265 保护性限制-制冷剂泄漏;
ALM-266 Protective Limit - IOB Low Voltage;报警-266 保护性限制-IOB低电压;
ALM-267 Protective Limit - Guide Vane 1 Fault;报警-267 保护性限制-导叶1故障;
ALM-268 Protective Limit - Damper Valve Fault;报警-268 保护性限制-经济器调节阀故障;
ALM-269 Protective Limit - Envelope Control Valve Fault;报警-269 保护性限制-先进稳定控制阀故障;
ALM-270 Protective Limit - High Cond Water Flow;报警-270 保护性限制-冷却水流量过高;
ALM-271 Protective Limit - Emergency Stop;报警-271 保护性限制-紧急停机;
ALM-272 Protective Limit - ISM Config Conflict;报警-272 保护性限制-ISM配置冲突;
ALM-273 Protective Limit - Swift Restarts Limit Exceeded;报警-273 保护性限制-快速重启次数超过限制;
ALM-274 Protective Limit - Chiller Lockout;报警-274 保护性限制-机组锁定;
ALM-275 Protective Limit - Fire Alarm;报警-275 保护性限制-火警;
ALM-276 Protective Limit - Stop Override;报警-276 保护性限制-机组强制停机锁定;
ALM-277 Protective Limit - UI Freeze Reboot;报警-277 保护性限制-界面无响应报警;
ALM-278 Protective Limit - VFD Config Conflict;报警-278 保护性限制-变频器配置冲突;
ALM-279 Protective Limit - VFD Config Failure;报警-279 保护性限制-变频器配置错误;
ALM-280 Protective Limit - High VFD Speed;报警-280 保护性限制-变频器频率过高;
ALM-282 Protective Limit - Displacement Switch Open;报警-282 保护性限制- 叶轮位移开关断开;
ALM-283 Protective Limit - High Pressure Switch;报警-283 保护性限制- 高压开关;
ALM-284 Protective Limit - Power Feedback Loss;报警-284 保护性限制- 失去供电许可;
ALM-285 Protective Limit - Low Bearing Delta Pres Difference;报警-285 保护性限制-轴承压差过低;
ALM-286 Protective Limit - Economizer Pressure Low;报警-286 保护性限制 – 经济器压力低;
ALM-287 Protective Limit - Oil Pressure Transducer Abnormal;ALM-287 保护性限制-油压差传感器异常;
ALM-292 Protective Limit - Guide Vane 2 Fault;报警-292 保护性限制-导叶2故障;
ALM-296 Protective Limit - High Evaporator Pressure;报警-296 保护性限制-蒸发器压力过高;
ALM-300 Loss Communication With ISM;报警-300 主板和ISM失去通讯;
ALM-301 Loss Communication With IOB1;报警-301 主板和IOB1失去通讯;
ALM-302 Loss Communication With IOB2;报警-302 主板和IOB2失去通讯;
ALM-303 Loss Communication With IOB3;报警-303 主板和IOB3失去通讯;
ALM-304 Loss Communication With IOB4;报警-304 主板和IOB4失去通讯;
ALM-305 Loss Communication With IOB5;报警-305 主板和IOB5失去通讯;
ALM-306 Loss Communication With SIOB;报警-306 主板和SIOB失去通讯;
ALM-307 LEN Scan Error;报警-307 LEN通信错误;
ALM-308 Loss Communication With 32VS VFD;报警-308 与32VS变频器失去通讯;
ALM-309 Loss Communication With VFD Gateway (LEN);报警-309 主板和转换器失去通讯(LEN);
ALM-310 Loss Communication With VFD/Starter (Modbus);报警-310 与变频器/启动柜失去通讯(Modbus);
ALM-311 Loss Communication With  Danfoss VFD;报警-311 与丹佛斯变频器失去通讯;
ALM-350 Sensor Fault - 19DV 1st Stage Bearing Temp;报警-350 传感器故障-19DV一级轴承温度;
ALM-351 Sensor Fault - 19DV 2nd Stage Bearing Temp;报警-351 传感器故障-19DV二级轴承温度;
ALM-352 Sensor Fault - 19DV Pump Outlet Pressure;报警-352 传感器故障-19DV制冷剂泵出口压力;
ALM-353 Sensor Fault - Heat Reclaim Entering Temp;报警-353 传感器故障- 热水进水温度;
ALM-354 Sensor Fault - Heat Reclaim Leaving Temp;报警-354 传感器故障- 热水出水温度;
ALM-400 ISM Fault - Line Voltage Dropout;报警-400 ISM故障-线电压缺损;
ALM-401 ISM Fault - Line Phase Loss;报警-401 ISM故障-缺相;
ALM-402 ISM Fault - High Line Voltage;报警-402 ISM故障-线电压高;
ALM-403 ISM Fault - Low Line Voltage;报警-403 ISM故障-线电压低;
ALM-404 ISM Fault - Line Current Imbalance;报警-404 ISM故障-线电流不平衡;
ALM-405 ISM Fault - Line Voltage Imbalance;报警-405 ISM故障-线电压不平衡;
ALM-406 ISM Fault - Overload Trip;报警-406 ISM故障-过载跳断;
ALM-407 ISM Fault - Motor Locked Rotor Trip;报警-407 ISM故障-电机堵转跳断;
ALM-408 ISM Fault - Starter Lock Rotor Trip;报警-408 ISM故障-启动柜堵转跳断;
ALM-409 ISM Fault - Ground Fault;报警-409 ISM故障-接地故障;
ALM-410 ISM Fault - Phase Reversal Trip;报警-410 ISM故障-反相跳断;
ALM-411 ISM Fault - Line Frequency Trip;报警-411 ISM故障-线频率跳断;
ALM-412 ISM Fault - Starter Module Reset;报警-412 ISM故障-启动柜模块复位;
ALM-413 ISM Fault - Start Contact Fault;报警-413 ISM故障-启动接触器错误;
ALM-414 ISM Fault - Transtion Contact Fault;报警-414 ISM故障-转换接触器错误;
ALM-415 ISM Fault - Oil Pump or HPS Failure;报警-415 ISM故障-油泵或高压开关故障;
ALM-416 ISM Fault - Starter Fault;报警-416 ISM故障-启动柜故障;
ALM-417 ISM Fault - Motor Amps Not Sensed;报警-417 ISM故障-没有检测到电机电流;
ALM-418 ISM Fault - Excessive Acceleration Time;报警-418 ISM故障-过长加速时间错误;
ALM-419 ISM Fault - Excessive Motor Amps;报警-419 ISM故障-电机电流过高;
ALM-420 ISM Fault - Start Transition Contact Fault;报警-420 ISM故障-启动器转换接触器错误;
ALM-421 ISM Fault - Motor Amps When Stopped;报警-421 ISM故障-停机时电机有电流;
ALM-422 ISM Fault - Starter Module Failure;报警-422 ISM故障-启动柜模块故障;
ALM-423 ISM Fault - Calibration Factor Error;报警-423 ISM故障-校准因数错误;
ALM-424 ISM Fault - Invalid Configuration Error;报警-424 ISM故障-配置错误;
ALM-425 VFD Fault - Single Cycle Dropout;报警-425 变频器故障-单周波缺损;
ALM-426 VFD Fault - Line Current Imbalance;报警-426 变频器故障-线电流不均衡;
ALM-427 VFD Fault - High Line Voltage;报警-427 变频器故障-线电压过高;
ALM-428 VFD Fault - Low Line Voltage;报警-428 变频器故障-线电压过低;
ALM-429 VFD Fault - Low DC Bus Voltage;报警-429 变频器故障-直流母线电压低;
ALM-430 VFD Fault - High DC Bus Voltage;报警-430 变频器故障-直流母线电压高;
ALM-431 VFD Fault - VFD Power On Reset;报警-431 变频器故障-变频器上电复位;
ALM-432 VFD Fault - Ground Fault;报警-432 变频器故障-接地故障;
ALM-433 VFD Fault - Line Phase Reversal;报警-433 变频器故障-电源相序接反;
ALM-434 VFD Fault - Motor Overload Trip;报警-434 变频器故障-电机过载;
ALM-435 VFD Fault - Rectifier Power Fault;报警-435 变频器故障-整流器电源故障;
ALM-436 VFD Fault - Inverter Power Fault;报警-436 变频器故障-逆变器电源故障;
ALM-437 VFD Fault - Rectifier Overcurrent;报警-437 变频器故障-整流器过电流;
ALM-438 VFD Fault - Inverter Overcurrent;报警-438 变频器故障-逆变器过电流;
ALM-439 VFD Fault - Condenser High Pressure;报警-439 变频器故障-冷凝压力高;
ALM-440 VFD Fault - Motor Amps Not Sensed;报警-440 变频器故障-感应不到电机电流;
ALM-441 VFD Fault - Motor Acceleration Fault;报警-441 变频器故障-电机加速故障;
ALM-442 VFD Fault - Stop Fault;报警-442 变频器故障-停机故障;
ALM-443 VFD Fault - Rectifier Overtemp;报警-443 变频器故障-整流器温度高;
ALM-444 VFD Fault - Inverter Overtemp;报警-444 变频器故障-逆变器温度高;
ALM-445 VFD Fault - Motor Current Imbalance;报警-445 变频器故障-负载电流不平衡;
ALM-446 VFD Fault - Line Voltage Imbalance;报警-446 变频器故障-线电压不平衡;
ALM-447 VFD Fault - Frequency Fault;报警-447 变频器故障-频率故障;
ALM-448 VFD Fault - VFD Communication Fault;报警-448 变频器故障-变频器通讯故障;
ALM-449 VFD Fault - VFD Fault;报警-449 变频器故障-变频器故障;
ALM-450 VFD Fault - VFD Start Inhibit;报警-450 变频器故障-变频器禁止启动;
ALM-451 VFD Fault - VFD Checksum Error;报警-451 变频器故障-变频器校验错误;
ALM-452 VFD Fault - Inductor Overtemp Switch;报警-452 变频器故障-电抗器高温开关;
ALM-453 VFD Fault - Incompatibility Fault;报警-453 变频器故障-兼容性错误;
ALM-454 VFD Failt - Main Power Failure;报警-454 变频器故障-主电源故障;
ALT-100 Prestart Alert - Starts Limit Exceeded;警告-100 预启动警告-启动次数超限;
ALT-101 Prestart Alert - Low Oil Temperature;警告-101 预启动警告-油温过低;
ALT-102 Prestart Alert - High Condenser Pressure;警告-102 预启动警告-冷凝器压力过高;
ALT-103 Prestart Alert - Excessive Recycle Starts;警告-103 预启动警告-再循环启动过频;
ALT-104 Prestart Alert - Waiting For Start Permission;警告-104 预启动警告-等待供电许可;
ALT-120 Sensor Alert - Remote Temperature Out of Range;警告-120 传感器警告-远程温度超过范围;
ALT-121 Sensor Alert - Auto Water Temp Reset;警告-121 传感器警告-自动水温修正;
ALT-122 Sensor Alert - Auto Demand Limit Input;警告-122 传感器警告-自动负荷限制输入;
ALT-123 Sensor Alert - VFD Speed Out of Range;警告-123 传感器警告-变频器频率超出范围;
ALT-124 Sensor Alert - Humidity Sensor;警告-124 传感器警告-湿度传感器;
ALT-125 Sensor Alert - Refrigerant Leak Input;警告-125 传感器警告-制冷剂泄漏输入;
ALT-126 Sensor Alert - Diffuser Pos Feedback;警告-126 传感器警告-扩压器位置反馈;
ALT-127 Sensor Alert - VFD Current Input;警告-127 传感器警告-变频器电流输入;
ALT-128 Sensor Alert - High Cond Water Pressure;警告-128 传感器警告-冷却水压力高;
ALT-129 Sensor Alert - Leaving Cond Water Temp;警告-129 传感器警告-冷却水出水温度;
ALT-130 Sensor Alert - Entering Cond Water Temp;警告-130 传感器警告-冷却水进水温度;
ALT-131 Sensor Alert - Entering Cond Water Press;警告-131 传感器警告-冷却水进水压力;
ALT-132 Sensor Alert - Entering Chilled Water Press;警告-132 传感器警告-冷水进水压力;
ALT-133 Sensor Alert - Leaving Cond Water Press;警告-133 传感器警告-冷却水出水压力;
ALT-134 Sensor Alert - Leaving Chilled Water Press;警告-134 传感器警告-冷水出水压力;
ALT-135 Sensor Alert - Guide Vane 1 Position;警告-135 传感器警告-导叶1位置;
ALT-136 Configuration Error - Temp Reset;警告-136 配置错误-温度修正;
ALT-137 Configuration Error - Controlled Water Delta T Reset;警告-137 配置错误-控制水温温差修正;
ALT-138 Configuration Error - Head Pressure;警告-138 配置错误-压头控制;
ALT-139 Sensor Alert - Guide Vane 2 Position;警告-139 传感器警告-导叶2位置;
ALT-146 Process Alert - High Ref Filter Delta Pressure;警告-146 过程警告-制冷剂过滤器压差过高;
ALT-147 Process Alert - Drainage System Failure;警告-147 过程警告-抽气装置排液失败;
ALT-148 Process Alert - Purge Daily Pumpout Limit Exceed;警告-148 过程警告-每日排气时间超限;
ALT-150 Process Alert - Low Discharge Superheat;警告-150 过程警告-排气过热度低;
ALT-151 Process Alert - High Evaporator Approach;警告-151 过程警告-蒸发器换热温差高;
ALT-152 Process Alert - High Condenser Approach;警告-152 过程警告-冷凝器换热温差高;
ALT-153 Process Alert - High Noise Region;警告-153 过程警告-高噪音区域;
ALT-154 Process Alert - Damper Valve Alert;警告-154 过程警告-经济器调节阀;
ALT-155 Process Alert - Low Oil Pressure Difference;警告-155 过程警告-油压差低;
ALT-156 Process Alert - EC Valve Alert;警告-156 过程警告-先进稳定控制阀;
ALT-157 Process Alert - High Condenser Pressure Chiller Off;警告-157 过程警告-停机时冷凝器压力过高;
ALT-158 Process Alert - Prognostic Alert;警告-158 过程警告-预诊断警告;
ALT-159 Process Alert - LEN Scan Warning;警告-159 过程警告-LEN 通信警告;
ALT-160 Process Alert - Oil Filter Replacement;警告-160 过程警告-更换油过滤器;
ALT-161 Process Alert - Transducer Calibration;警告-161 过程警告-压力传感器校准;
ALT-162 Process Alert - Low Refrigerant Charge;警告-162 过程警告-制冷剂充注量少;
ALT-163 Process Alert - Low Liquid Level in High Float VLV;警告-163 过程警告-高位浮球阀侧低液位;
ALT-164 Process Alert - Displacement Switch Failure;警告-164 过程警告-叶轮位移开关故障;
ALT-165 Process Alert - High Oil Supply Temperature;警告-165 过程警告-供油温度过高;
ALT-166 Process Alert - Condenser Flushing Suggested;警告-166 过程警告-建议冲洗冷凝器;
ALT-167 Process Alert - Customer Alert;警告-167 过程警告-客户接入警告;
ALT-169 Process Alert - High Evaporator Pressure;警告-169 过程警告-蒸发器压力过高;
ALT-170 Master Slave Alert - Same Address;警告-170 主从控制警告-地址相同;
ALT-171 Master Slave Alert - Conflict Application SW Version;警告-171 主从控制警告-软件版本冲突;
ALT-172 Master Slave Alert - Conflict Heating Cooling Mode;警告-172 主从控制警告-制冷制热设定冲突;
ALT-173 Master Slave Alert - Incorrect Slave Control Type;警告-173 主从控制警告-从机控制类型错误;
ALT-174 Master Slave Alert - Slave Tripout;警告-174 主从控制警告-从机报警停机;
ALT-175 Master Slave Alert - Incorrect Master Control Type;警告-175 主从控制警告-主机控制类型错误;
ALT-176 Master Slave Alert - No Communication;警告-176 主从控制警告-通讯失败;
ALT-179 Master Slave Alert - Master CCN Write Rejection;警告-179 主从控制警告-主机CCN拒绝写入;
ALT-180 Master Slave Alert - Slave Addr Not Slave;警告-180 主从控制警告-从机地址被非从机占用;
ALT-181 Loss Communication with AHF GDCB 1;警告-181 与滤波器GDCB 1 失去通讯;
ALT-182 Loss Communication with AHF GDCB 2;警告-182 与滤波器GDCB 2 失去通讯;
ALT-183 Loss Communication with AHF GDCB 3;警告-183 与滤波器GDCB 3 失去通讯;
ALT-184 Loss Communication with AHF GDCB 4;警告-184 与滤波器GDCB 4 失去通讯;
ALT-185 AHF GDCB 1 Start Failure;警告-185 滤波器GDCB 1 启动失败;
ALT-186 AHF GDCB 2 Start Failure;警告-186 滤波器GDCB 2 启动失败;
ALT-187 AHF GDCB 3 Start Failure;警告-187 滤波器GDCB 3 启动失败;
ALT-188 AHF GDCB 4 Start Failure;警告-188 滤波器GDCB 4 启动失败;
ALT-189 Process Alert - Low Oil Supply Temperature;警告-189 过程警告-供油温度过低;
ALT-190 AHF FAULT;警告-190 谐波滤波器故障;
ALT-191 Loss Communication with AHF;警告-191 与谐波滤波器失去通讯;
AMA Not OK;AMA不正常;
APP Version;应用程序 版本;
Account Email Part1;账号用户名;
Account Email Part2;账号邮箱域名;
Account Password;账号密码;
Activate;激活;
Active Number of GDCBs;有效GDCB数量;
Actual Delta Tsat;实际饱和温差;
Actual Demand Limit;实际负荷限制值;
Actual GV1 Pos;导叶1实际位置;
Actual GV2 Pos;导叶2实际位置;
Actual Lift;实际扬程;
Actual Line Current;实际平均线电流;
Actual Line Voltage;实际平均线电压;
Actual Setpoint;实际设定点;
Actual VFD Frequency;实际变频器频率;
Actual VFD Speed Per;实际变频器速度百分比;
Actual VFD Speed;实际变频器速度;
Actual Valve Position;实际调节阀位置;
Add Compressor Oil;加压缩机润滑油;
Add Refrigerant;加制冷剂;
After Service Hrs;维护后运行时间;
Al Arc Length;喘振自学习计算弧长;
Al Calc Delta Tsat;自学习计算的喘振饱和温差;
Al Counts Bf Shutd;自学习机组喘停配置次数;
Al High Eff Delta Tsat;自学习高效模式计算饱和温差;
Al Precursor Detected;自学习喘振预防进行中;
Al Signal Reset;自学习检测信号重置;
Al Surge Counts;自学习喘振次数;
Al Surge Detected;自学习喘振保护进行中;
Al Surge Threshold;自学习喘振检测阈值;
Al Traceback Length;自学习喘振点回溯长度;
Al Updateflag Counts;自学习喘振点更新次数;
Alarm Manager;警报管理器;
Alarm Output;报警输出;
Alarm Relay;报警继电器;
Alarm Reset;报警已复位;
Alarm Shutdown;报警关机进行中;
Alarm State;报警状态;
Alarm;报警;
Alarms  ;报警;
Alarms History  ;报警历史;
Alarms not found;没有报警;
Alarms;警报;
Alert Output;警告输出;
Alert Relay;警告继电器;
Alert;警告;
All The Alarms Are OFF.;所有报警已恢复;
Amps Change Surge Prot;喘振保护电流变化值;
Amps or KW Ramp per Min;每分钟电流或功率加载值;
Amps=0, KW=1;电流=0,功率=1;
Apparent Power(KVA);视在功率(KVA);
Apply;应用;
Apr  ;四月;
April;四月;
Are you sure you want to leave this page?  ;确定离开此页面?;
Are you sure you want to leave this page?;你确定想离开这个页面？;
Atmospheric Pressure;大气压力;
Aug  ;八月;
August;八月;
Auto Demand Limit Input;自动负荷限制输入;
Auto Learn Flag;自学习喘振线更新标志;
Auto Restart Active;自动重启中;
Auto Restart Option;自动重启选项;
Auto Restart Pend;自动重启等待中;
Auto Water Temp Reset;自动水温修正;
Auto;自动;
Autorst;自动重启;
Avaliable Lift;可达到的饱和温差;
Avg Daily Purge in 7 Day;抽气装置一周内日均泵出时间;
BACnet Alarms Enable;BACnet告警使能;
BACnet Configuration;BACnet配置;
BACnet Identifier;BACnet识别号;
BACnet Metric Unit;BACnet公制单位;
BACnet Network;BACnet网络;
BACnet Occupied;BACnet占用;
BACnet Schedule Enable;BACnet日程使能;
BACnet/IP Enable;BACnet/IP启用;
BMS Emergency Stop;BMS 紧急停机;
BMS Port J8 Term Res;BMS端口J8终端电阻;
BMS Protocol;BMS协议配置;
BRG Inlet Press Cali;轴承进口压力校准激活;
BRG Outlet Press Cali;轴承出口压力校准激活;
BRG Ref Supply Sat Temp;轴承制冷剂供液饱和温度;
BROCASTS;广播菜单;
Bacnet;Bacnet;
Base Demand Limit;基本负荷限制;
Base Demand=0, 4-20mA=1;基本负荷限制=0,4-20mA=1;
Bearing Degradation;轴承弱化(温度)阈值;
Bearing Delta P;轴承进出口压差;
Bearing Inlet Pressure;轴承进口压力;
Bearing Outlet Pressure;轴承出口压力;
Bearing Press Thresholds;制冷剂压差阈值;
Bearing in Trans Volt;轴承进口压力反馈电压;
Bearing out Trans Volt;轴承出口压力反馈电压;
Benshaw Starter = 8;Benshaw启动柜 = 8;
Board Software PN;电路板软件版本;
Both;两者;
Brake Check;制动检查;
Brake IGBT Fault;制动IGBT故障;
Brake OverLoad;制动器过载;
Brake Res Short Cir;制动电阻器短路;
Brine;盐水;
Broadcast Menu;广播菜单;
Broken Belt;皮带断裂;
Browser;浏览器;
Brush Condenser Tubes;刷洗冷凝管;
Brush Cooler Tubes;刷洗蒸发管;
CAPACITY;冷量;
CCN Baud Rate;CCN波特率;
CCN Bus Number;CCN总线地址;
CCN Element Number;CCN单元地址;
CCN Port J7 Term Res;CCN端口J7终端电阻;
CLOSE;关闭;
CLOUD test status :;云端连接状态;
CONFIG TABLE;配置表;
CPU & Memory Usage;CPU/内存使用;
CPU Usage;CPU使用率;
CSM group ID;Preview text;
CTRL PNT;控制点;
Cal Surge Delta Tsmax;计算的最大喘振饱和温度差;
Cal Surge Delta Tsmed;计算的中间喘振饱和温度差;
Cal Surge Delta Tsmin;计算的最小喘振饱和温度差;
Calc High Lift SRD Pos;计算高扬程扩压器位置;
Calc Low Lift SRD Pos;计算低扬程扩压器位置;
Calc Ref Delta Tsat;计算参考饱和温差;
Calc Voltage Factor Run;运行时线电压计算因数;
Calc Voltage Factor Stop;停机时线电压计算因数;
Calculated Capacity;计算负荷;
Calculated SRD Position;计算扩压器位置;
Calib Pres1(0 PSIG);校准压力点1(0kPa);
Calib Pres2(10-30PSIG);校准压力点2(70-200kPa);
Calib Pres2(100-250PSIG);校准压力点2(690-1700kPa);
Calib Pres2(Unit:PSIG);校准压力点2(单位:kPa);
Calibrate Thermistor (Water);校准温度传感器(水侧);
Calibrate Transducer;校准压力传感器;
Calibrated Intercept;校准截距;
Calibrated Slope;校准斜率;
Calibration Completed;校准完成;
Calibration Factor Error;校准参数错误;
Calibration Factor;校准因数;
Can not mount USB. Please check USB format;不能加载U盘，请检查U盘格式;
Cancel  ;取消;
Cancel;取消;
Cannot communicate to server  ;不能与服务器通讯;
Capacity Control;冷量控制;
Capacity Dec Cond Pres;高冷凝器压力要求卸载;
Capacity Dec Hi Current;高电流要求卸载;
Capacity Dec Low SST;低饱和吸气温度要求卸载;
Capacity Dec Low Temp;制热时低冷水出水要求卸载;
Capacity Dec Motor Temp;高电机温度要求卸载;
Capacity Decrease Demand;负荷限制要求卸载;
Capacity Decrease Flag;要求卸载;
Capacity Decrease Surge;喘振要求卸载;
Capacity Decrease;要求卸载;
Capacity Delta;冷量控制改变量;
Capacity Inh Cond Pres;高冷凝器压力要求禁止加载;
Capacity Inh Hi Current;高电流要求禁止加载;
Capacity Inh Low SST;低饱和吸气温度要求禁止加载;
Capacity Inh Motor Temp;高电机温度要求禁止加载;
Capacity Inhibit Demand;负荷限制要求禁止加载;
Capacity Inhibit Flag;禁止加载;
Capacity Inhibit Ramping;缓慢加载要求禁止加载;
Capacity Inhibit;禁止加载;
Carrier 32VS VFD = 2;开利32VS变频器 = 2;
Carrier Service Call:;开利客服电话:;
Certificate not found;未加载证书;
Change password failed;修改密码失败;
Change password;修改密码;
Change user password;修改用户密码;
Chart title  ;表名;
Check State;电机状态;
Chemically Clean Condenser Tubes;化学清洗冷凝管;
Chemically Clean Cooler Tubes;化学清洗蒸发管;
Chill Water Pulldown/Min;冷水每分钟降温;
Chilled  Water Delta P;冷水压力差;
Chilled  Water Pump;冷水水泵;
Chilled Delta P Offset;冷水压力差偏移量;
Chilled Flow Status;冷水流量状态;
Chilled Medium Type;载冷剂类型;
Chilled Water Delta P;冷水压力差;
Chilled Water Delta T;冷水水温差;
Chilled Water Flow Input;冷水水流量输入;
Chilled Water Flow Value;冷水水流量值;
Chilled Water Flow;冷水水流;
Chilled Water Pres Drop;冷水进出水压降输入;
Chilled Water Pump;冷水水泵;
Chiller Connection Type;机组连接类型;
Chiller Lockout Terminated;机组结束锁定;
Chiller Lockout in Effect;机组锁定中;
Chiller Lockout;机组锁定;
Chiller Name;机组名称;
Chiller Off;机组停机;
Chiller Run Status Relay;机组运行状态继电器输出;
Chiller Start or in Quick Test, Pumpdown/Lockout Denied.;机组运行中或快速测试中,拒绝访问;
Chiller Start/Stop;机组 启动/停止;
Chiller Status (Analog);机组状态(模拟量);
Chiller Status Code;机组状态代码;
Chiller Status(Discrete);机组状态(数字量);
Chiller Status:;机组状态:;
Chiller Tripout;机组跳断;
Chiller Type;机组类型;
Cl=0,Inter=1,Op=2,Fail=3;全关=0,中间=1,全开=2,失效=3;
Clear;清除;
Close;闭合;
Close=0, Hold=1, Open=2;关闭=0,保持=1,开启=2;
Closed;全关;
Comb;组合;
Combine;组合;
Command Sent;命令发送;
Common CHWR Temp;总管回水温度;
Common CHWS Temp;总管供水温度;
Common Sensor Option;总管水温传感器选项;
Communication Timeout;通讯超时;
Communication;通信;
Communications;通信;
Comp Based Speed Hz;压缩机基准转速;
Comp Bearing Alert DV;压缩机轴承温度警告值(DV);
Comp Bearing Alert R6/7;压缩机轴承温度警告值(R6/7);
Comp Bearing Factor;压缩机轴承温度修正系数;
Comp Bearing Temp Alert;压缩机轴承温度警告值;
Comp Bearing Temp Trip;压缩机轴承温度跳断值;
Comp Bearing Trip DV;压缩机轴承跳断值(DV);
Comp Bearing Trip R6/7;压缩机轴承跳断值(R6/7);
Comp Discharge Alert;压缩机排气警告值;
Comp Discharge Temp;压缩机排气温度;
Comp Frequency 100%;压缩机最大频率;
Comp Motor Temp Override;压缩机电机温度优先控制值;
Comp Refrig Press;压缩机设计压力;
Comp Running Time;压缩机连续运行时间;
Comp Total Running Hrs;压缩机累计运行时间;
Comp(1Stage=0, 2Stage=1);压缩机(单级=0,双级=1);
Comp1 Run State Val;压缩机运行状态;
Compensation ia;A相补偿电流;
Compensation ib;B相补偿电流;
Compensation ic;C相补偿电流;
Compressor Run Contact;压缩机运行触点;
Compressor Running Hours;压缩机运行小时;
Compressor Running;压缩机运行状态;
Compressor Speed 100%;压缩机电机100%频率;
Compressor Start Contact;压缩机启动触点;
Compressor Start Relay;压缩机启动继电器;
Compressor Starts Num;压缩机启动次数;
Compressor Starts Number;压缩机启动次数;
Compressor Status;压缩机状态;
Compressor is Running;压缩机运行;
Compressor/Motor Repair;维修压缩机/马达;
Compressor1 Run Status;压缩机1运行状态;
Cond Approach Alert;冷凝器换热温差警告;
Cond CV (DV Lube Sled);冷凝器控制阀;
Cond Charging (Ref Lube);冷凝器补液阀;
Cond Charging VLV Force;冷凝器补液阀强制;
Cond Charging VLV Tgt;冷凝器补液阀强制位置;
Cond Drain CV Tgt;冷凝器回液控制阀强制值;
Cond Drain CV;冷凝器回液控制阀;
Cond Enter Water Volts;冷却水进水压力反馈电压;
Cond Entering Water P;冷却水进水压力;
Cond Flow Delta P Cutout;冷凝器流量压差跳断值;
Cond Flow Rate Baseline;冷凝器水流量基准值;
Cond Flow Status;冷却水流量状态;
Cond Hi Flow Alarm;冷凝器流量高报警;
Cond Hi Flow DP Limit;冷凝器流量高压差限制值;
Cond Leave Water Volts;冷却水出水压力反馈电压;
Cond Leaving Water P;冷却水出水压力;
Cond P Override Value;冷凝器压力优先控制值;
Cond Pre Cutout DV 44;19DV冷凝压力跳断值44;
Cond Pre Cutout DV 72;19DV冷凝压力跳断值72;
Cond Pre Override DV 44;19DV冷凝压力优先控制值44;
Cond Pre Override DV 72;19DV冷凝压力优先控制值72;
Cond Pres Drop Baseline;冷凝器水压降基准值;
Cond Pres Trans Volts;冷凝器压力反馈电压;
Cond Press Calibration;冷凝器压力校准激活;
Cond Press Cutout High;高压冷凝器压力跳断值;
Cond Press Cutout Low;低压冷凝器压力跳断值;
Cond Press Override High;高压冷凝器压力优先控制值;
Cond Press Override Low;低压冷凝器压力优先控制值;
Cond Press Trip Value;冷凝器压力跳断值;
Cond Pump Req Diagnostic;诊断要求冷却水水泵启动;
Cond Pump Req Frozen;冻结要求冷却水水泵启动;
Cond Pump Req Override;优先控制要求冷却水水泵启动;
Cond Pump Req Prestart;预启动要求冷却水水泵启动;
Cond Pump Req Pumpdown;泵出要求冷却水水泵启动;
Cond Pump Req Shutdown;关机要求冷却水水泵启动;
Cond Pump Req Startup;开启要求冷却水水泵启动;
Cond Pump Req Tower;冷却塔要求冷却水水泵启动;
Cond Refrig Shell MAWP;冷凝器壳侧最大工作压力;
Cond Refrig Vapor Temp;冷凝器制冷剂气体温度;
Cond Sat  Refrig Temp;饱和冷凝温度;
Cond Sat Refrig Temp;饱和冷凝温度;
Cond Valve (Ref Lube);冷凝器控制阀;
Cond Water Flow Input;冷却水水流量输入;
Cond Water Flow Switch;冷却水水流量开关;
Cond Water Flow Value;冷却水水流量值;
Cond Water Pres Drop;冷却水进出水压降输入;
Cond Water Pulldown/Min;冷却水每分钟降温;
Condenser  Pressure;冷凝器压力;
Condenser  Water Pump;冷水水泵;
Condenser Approach;冷凝器换热温差;
Condenser CV Force;冷凝器控制阀强制;
Condenser CV Forced Tgt;冷凝器控制阀强制位置;
Condenser Charging VLV;冷凝器补液阀;
Condenser Delta P Offset;冷却水压力差偏移量;
Condenser Drain Valve;冷凝器回液控制阀;
Condenser Flush Alert;冷凝器冲洗需求提醒;
Condenser Flush in Progress;冷凝器冲洗进行中;
Condenser Freeze Point;冷凝器冻结点;
Condenser Frozen;冷凝器冻结;
Condenser High Pressure;冷凝压力高;
Condenser Pressure;冷凝器压力;
Condenser Status;冷凝器状态;
Condenser Water Delta P;冷却水压力差;
Condenser Water Delta T;冷却水水温差;
Condenser Water Flow;冷却水水流;
Condenser Water Pump;冷却水水泵;
Condflsh;冷凝器冲洗;
Config Date;设置当前日期;
Config Time;设置当前时间;
Configuration Menu;配置菜单;
Confirm Start;确认启动;
Confirm Stop;确认停止;
Confirm new user password;确认新密码;
Continue?;继续?;
Continuous;连续;
Control Identification;控制器信息;
Control Mode:;控制模式：;
Control Mode;控制模式;
Control Point Error;控制点误差;
Control Point Reset;控制点修正;
Control Point;控制点;
Control Word Timeout;控制字超时;
Controlled DT Full Reset;被控水温差满修正值;
Controlled DT No Reset;被控水温差无修正值;
Controlled Fluid DB;载冷剂温度控制死区;
Controlled Water DT;控制水温差;
Controlled Water Temp;被控水温;
Controller Uptime;控制器上电时间;
Cool Only=0, Heat Mach=1;单冷=0,热泵=1;
Cool;制冷;
Cooling ECW Setpoint;制冷冷水进水设定点;
Cooling LCW Setpoint;制冷冷水出水设定点;
Cooling/Heating Select;制冷/制热模式选择;
Core Board Message;核心板信息;
Core board - Boot loader Build info;核心板 - 引导加载程序构建信息;
Core board - Boot loader Version;核心板 - 引导加载程序版本;
Core board - OS Build info;核心板 - 操作系统构建信息;
Core board - OS Version;核心板 - 操作系统版本;
Could not start log collection... Please try again;数据导出失败，请重试;
Country Code;国家代码;
Ctrl Card over Temp;控制卡温度过高;
Ctrltest;控制测试;
Current Alarm 1;目前报警状态1;
Current Alarm 2;目前报警状态2;
Current Alarm 3;目前报警状态3;
Current Alarm 4;目前报警状态4;
Current Alarm 5;目前报警状态5;
Current Alarms  ;当前报警;
Current Alarms;当前报警;
Current Date;当前日期;
Current Imbal Persist;电流不平衡持续时间;
Current Imbal Threshold;电流不平衡率阈值;
Current Imbalance;电流不平衡;
Current Phase A;A相电流;
Current Phase B;B相电流;
Current Phase C;C相电流;
Current Pressure;当前压力;
Current Time;当前时间;
Custom1;Custom1;
Customer Alert Option;客户警告选项;
Customer Alert;客户警告;
DAYLIGHT SAVINGS SELECT;夏令时选择;
DB points access issue;数据库禁止访问;
DC Bus Voltage Reference;直流母线参考电压;
DC Bus Voltage;直流母线电压;
DC Link over Voltage;直流过压;
DC Link under Voltage;直流欠压;
DCIB Soft Part Number;DCIB 软件版本号;
DNS IP 1;DNS IP 1;
DNS IP 2;DNS IP 2;
DNS IP invalid;DNS IP无效;
DNS applied successfully;DNS应用成功;
DSH Deadband for LBP;液路旁通排气过热度温差;
DTS@GV Opening 1;饱和温差@导叶开度1;
DTS@GV Opening 2;饱和温差@导叶开度2;
DV:10-30, Others:100-250;DV:70-200, 其它:690-1700;
Daily PG Pumpout Limit;每日泵出时间限制;
Daily Pumpout Limit;每日泵出时间限制;
Daily Pumpout in 7 Days;一周内日均泵出时间;
Damper Valve Calibration;经济器调节阀校准;
Damper Valve Status;调节阀状态;
Damper Valve;经济器调节阀;
Danfoss VFD = 7;丹佛斯变频器 = 7;
Danfoss VFD Alarm;丹佛斯变频器报警;
Danfoss VFD Interlock;丹佛斯变频器互锁;
Dangerous Failure;危险故障;
Date(YYYY/MM/DD)  ;日期(YYYY/MM/DD);
Date/Time  ;日期/时间;
Date/Time Configuration;日期/时间配置;
Daylight Savings Time  ;夏令时;
Daylight Savings Time;每日保存时间;
Deadband;死区;
Deadband=3, Noise=4;死区=3, 高噪音区间=4;
Dec  ;十二月;
December;十二月;
Decrease Ramp Time;频率下降时间;
Deg Reset Water DT Full;水温差满修正值;
Degree =0, Percentage =1;角度 =0, 百分比 =1;
Degrees Reset at 20mA;20mA时温度修正值;
Dehydration;脱水;
Delete ISM Config;删除ISM板卡内配置;
Delete VFD Config;删除变频器配置;
Delete;删除;
Delete=Yes, Keep=No;删除=是, 保留=否;
Delta Tsat Surge Value;自学习喘振时饱和温差;
Demand Limit - Capacity Decrease;负荷限制-卸载;
Demand Limit - Capacity Inhibit;负荷限制-禁止加载;
Demand Limit - Inhibit Clamp;负荷限制-限制加载率;
Demand Limit - by 4-20 mA;负荷限制-4-20毫安信号;
Demand Limit - by Loadshed Redline;负荷限制-负荷释放红线;
Demand Limit - by Local Signal;负荷限制-本地信号;
Demand Limit - by Network Command;负荷限制-网络命令;
Demand Limit Inh Clamp;负荷限制钳制步长;
Demand Limit Inhibit;负荷限制禁止加载中;
Demand Limit Prop Band;负荷限制比例带;
Demand Limit Source;负荷限制源;
Demand Limit Type;负荷限制类型;
Demand Limit at 20 mA;20mA时负荷限制值;
Demand Limit;负荷限制进行中;
Demand;负荷限制;
Derivatived EWT Gain;进水温度微分增益;
Deter Start Stop Command;开机停机命令;
Deutsch;Deutsch;
Developer data copy in progress;正在导出系统日志;
Device Description;设备描述;
Diff Press Calibration;扩压器压力校准激活;
Diffuser Actual Pos;可变扩压器实际位置;
Diffuser Fault;扩压器位置错误;
Diffuser Full Span mA;扩压器满量程mA值;
Diffuser Option;扩压器选项;
Diffuser Output mA;可变扩压器输出;
Diffuser Pos;扩压器位置;
Diffuser Pres Tran Volts;扩压器压力反馈电压;
Diffuser Pressure;可变扩压器压力;
Diffuser Target Pos;扩压器目标位置;
Digital=0, Analog=1;数字=0,模拟=1;
Disable;停用;
Disable=0, Lead=1, Lag=2;停用=0,领先=1,滞后=2;
Disable=0, Surge=1;停用=0,喘振=1;
Disable=0, Sys Force=1;禁止=0, 抽气系统强制=1;
Disable=0, Volt=1, mA=2;禁用=0, 电压=1, 毫安=2;
Disable=0;禁止=0;
Discharge Gas Temp Reset;排气温度偏移量;
Discharge Superheat;排气过热度;
Displacement Switch;叶轮位移开关;
Display Trend  ;显示趋势图;
Display Trend;显示趋势图;
Done;完成;
Drive Initialized;变频器初始化完毕;
Dynamic Demand Limit;动态负荷限制控制;
E-Mail Function;电子邮件功能;
E-Mail;电子邮件配置;
EC Valve Option;先进稳定控制阀选项;
EC/HG Close;先进稳定控制阀关闭;
EC/HG Open;先进稳定控制阀开启;
EC/HG VLV Actual Pos Per;先进稳定控制阀实际位置;
EC/HG VLV Actual mA;先进稳定控制阀反馈实际电流;
EC/HG VLV Calib Enable;先进稳定控制阀校准激活;
EC/HG VLV Calib Status;先进稳定控制阀校准状态;
EC/HG VLV Change Flag;先进稳定控制阀动作;
EC/HG VLV Close IGV1 Pos;关先进稳定控制阀导叶1位置;
EC/HG VLV Close;先进稳定控制阀关闭;
EC/HG VLV Current FB;先进稳定控制阀反馈电流;
EC/HG VLV Forced %;先进稳定控制阀强制开度;
EC/HG VLV Forced Tgt;先进稳定控制阀强制位置;
EC/HG VLV Forced;先进稳定控制阀强制;
EC/HG VLV Fully Close;先进稳定控制阀全关;
EC/HG VLV Fully Open;先进稳定控制阀全开;
EC/HG VLV Low Load DB;先进稳定控制阀低负荷死区;
EC/HG VLV Open IGV1 Pos;开先进稳定控制阀导叶1位置;
EC/HG VLV Open;先进稳定控制阀开启;
EC/HG VLV Output mA;先进稳定控制阀输出电流;
EC/HG VLV Position;先进稳定控制阀位置;
EC/HG VLV Startup OK;启动时先进稳定控制阀位置通过;
EC/HG VLV Status;先进稳定控制阀状态;
EC/HG VLV Step Surge;先进稳定控制阀防喘振动作步长;
EC/HG VLV Target Per;先进稳定控制阀目标位置;
EC/HG VLV Target Pos;先进稳定控制阀目标位置;
EC/HG VLV mA 0%;先进稳定控制阀反馈电流值0%;
EC/HG VLV mA 100%;先进稳定控制阀反馈电流值100%;
EC/HG Valve Option;先进稳定控制阀选项;
EC/HG Valve Selection;先进稳定控制阀模式选择;
ECDW Press Calibration;冷却水进水压力校准激活;
ECDW Sensor Raw Temp;冷却水进水温度传感器读数;
ECDW Sensor Type;冷却水进水温度传感器类型;
ECDW Temperature Offset;冷却水进水温度传感器校准量;
ECO DMP VLV Act Delay;经济器调节阀动作延时;
ECO DMP VLV Act Delta T;经济器调节阀动作温差;
ECO DMP VLV Actual Pos;经济器调节阀实际位置;
ECO DMP VLV Actual mA;经济器调节阀反馈实际电流;
ECO DMP VLV Calib Enable;经济器调节阀校准激活;
ECO DMP VLV Calib Status;经济器调节阀校准状态;
ECO DMP VLV Change Delta;经济器调节阀位置改变量;
ECO DMP VLV Close DB;经济器调节阀关闭死区;
ECO DMP VLV Close;经济器调节阀关闭;
ECO DMP VLV Current FB;经济器调节阀反馈电流;
ECO DMP VLV Fault Time;经济器调节阀故障计时;
ECO DMP VLV Force Tgt;经济器调节阀强制位置;
ECO DMP VLV Force;经济器调节阀强制;
ECO DMP VLV Forced %;经济器调节阀强制开度;
ECO DMP VLV Full Close;经济器调节阀全关;
ECO DMP VLV Full Open;经济器调节阀全开;
ECO DMP VLV Gain;经济器调节阀增益;
ECO DMP VLV Max Pos;经济器调节阀最大开度;
ECO DMP VLV Min Pos;经济器调节阀最小开度;
ECO DMP VLV Open DB;经济器调节阀开启死区;
ECO DMP VLV Open;经济器调节阀开启;
ECO DMP VLV Out Interval;经济器调节阀输出间隔;
ECO DMP VLV Output mA;经济器调节阀输出电流;
ECO DMP VLV Pos;经济器调节阀位置;
ECO DMP VLV Speed Step;经济器调节阀动作步长;
ECO DMP VLV Startup OK;启动时经济器调节阀位置通过;
ECO DMP VLV Status;经济器调节阀状态;
ECO DMP VLV Target Per;经济器调节阀目标位置;
ECO DMP VLV Tgt Pos;经济器调节阀目标位置;
ECO DMP VLV Type;经济器调节阀类型;
ECO DMP VLV mA 0%;经济器调节阀反馈电流值0%;
ECO DMP VLV mA 100%;经济器调节阀反馈电流值100%;
ECO Isolation VLV;经济器隔离阀;
ECO LBP VLV Evap Appro;经济器液路旁通阀蒸发器换热温差;
ECO LBP VLV Limit;经济器液路旁通阀最大开度;
ECO LBP VLV Option;经济器液路旁通阀选项;
ECO LBP VLV Target;经济器液路旁通阀目标位置;
ECO LBP VLV Temp Band;经济器液路旁通阀温度带;
ECO LBP VLV Temp Diff;经济器液路旁通阀温度差;
ECO LBP VLV mA;经济器液路旁通阀输出电流;
ECO LBP VLV off DSH;关闭液路旁通阀排气过热度偏移量;
ECO Liquid Bypass VLV;经济器液路旁通阀;
ECO Liquid Bypass Valve;经济器液路旁通阀;
ECO Pres Trans Volts;经济器压力反馈电压;
ECO Press Calibration;经济器压力校准激活;
ECO Vapor SV;气源控制阀;
ECW Press Calibration;冷水进水压力校准激活;
ECW Sensor Raw Temp;冷水进水温度传感器读数;
ECW Sensor Type;冷水进水温度传感器类型;
ECW Temperature Offset;冷水进水温度传感器校准量;
ENTERING;开始;
ERROR - Invalid inputs;错误-输入无效;
ERROR - Invalid interface;错误-网口名称错误;
ERROR - Invalid server;错误-服务器地址无效;
EWT Control Option;进水温度控制;
Earth Fault;接地故障;
Eaton VFD = 4;伊顿变频器 = 4;
Economizer Isolation VLV;经济器隔离阀;
Economizer Pressure;经济器压力;
Economizer Status;经济器状态;
Economizer Valve Type;调节阀设备类型;
Emergency Stop Contact;紧急停机触点;
Enable Excessive Starts;频繁启动生效;
Enable;启用;
End Date should be greater than Start Date;结束日期必须大于起始日期;
End Date;结束日期;
End date should be greater than Start date.;结束时间必须大于起始时间;
End of Curve;曲线结束;
End;结束;
English ;简体中文;
English;English;
Enter Duration;输入持续时间;
Enter Time;输入时间;
Enter Water Temp Reset;进水温度偏移量;
Entering Chilled Water P;冷水进水压力;
Entering Chilled Water;冷水进水温度;
Entering Cond Water Pres;冷却水进水压力;
Entering Condenser Water;冷却水进水温度;
Entering Water Change DT;进水温度改变量;
Envelope Control - Acts Before Recycle Shutdown;先进稳定控制-再循环关机前动作;
Envelope Control - Delta Tx;先进稳定控制 - Delta Tx;
Envelope Control - Forced;先进稳定控制-强制;
Envelope Control - Low Load Application;先进稳定控制-低负荷运行;
Envelope Control - Surge Correction;先进稳定控制-喘振纠正;
Envelope Control Mode;先进稳定控制模式;
Envelope Control Status;先进稳定控制状态;
Envelope Control Type;先进稳定控制类型;
Envelope Control Valve Calibration;先进稳定控制阀校准;
Envelope Control Valve;先进稳定控制阀;
Envelope Line/HG Opt.;先进稳定曲线优化中;
Error  ;错误;
Error!;错误!;
Error;未启用;
Ethernet Configuration;网络配置;
Evap App Calc Selection;蒸发器换热温差计算方式;
Evap Approach Alert;蒸发器换热温差警告;
Evap CV (DV Lube Sled);蒸发器控制阀;
Evap Design Approach;蒸发器换热温差设计值;
Evap Drain CV Tgt;蒸发器回液控制阀强制值;
Evap Drain CV;蒸发器回液控制阀;
Evap Enter Water Volts;冷水进水压力反馈电压;
Evap Entering Water P;冷水进水压力;
Evap Flow Delta P Cutout;蒸发器流量压差跳断值;
Evap Flow Rate Baseline;蒸发器水流量基准值;
Evap Leave Water Volts;冷水出水压力反馈电压;
Evap Leaving Water P;冷水出水压力;
Evap Liquid Temp Opt;蒸发器制冷剂温度选项;
Evap Override Delta T;蒸发器优先控制温差;
Evap Pres Drop Baseline;蒸发器水压降基准值;
Evap Pres Trans Volts;蒸发器压力反馈电压;
Evap Press Calibration;蒸发器压力校准激活;
Evap Pump Req Diagnostic;诊断要求冷水水泵启动;
Evap Pump Req Frozen;冻结要求冷水水泵启动;
Evap Pump Req Pumpdown;泵出要求冷水水泵启动;
Evap Pump Req Shutdown;关机要求冷水水泵启动;
Evap Pump Req Startup;启动要求冷水水泵启动;
Evap Refrig Liquid Temp;蒸发器制冷剂液体温度;
Evap Refrig Trippoint;蒸发器制冷剂温度跳断值;
Evap Sat  Refrig Temp;饱和蒸发温度;
Evap Sat Override Temp;蒸发器饱和优先控制温度;
Evap Sat Refrig Temp;饱和蒸发温度;
Evap Sat Temp @Shutdown;断电时蒸发器饱和温度;
Evap Valve (Ref Lube);蒸发器控制阀;
Evap Water Flow Switch;冷水水流量开关;
Evaporator Approach;蒸发器换热温差;
Evaporator CV Force;蒸发器控制阀强制;
Evaporator CV Forced Tgt;蒸发器控制阀强制位置;
Evaporator Drain Valve;蒸发器回液控制阀;
Evaporator Frozen;蒸发器冻结;
Evaporator Pressure;蒸发器压力;
Evaporator Status;蒸发器状态;
Expiration Date;到期日期;
Expiration period:;设置密码时效：;
Expires in:;失效时间：;
Export Data;导出数据;
Export Developer Data;导出系统日志;
Export technical Data;导出服务数据;
FAIL;失效;
FS VFD with ISM = 1;ISM非机载变频器 = 1;
Factory Login ;工厂登录;
Factory Login Rolling;滚动密码工厂登录;
Factory Login Screen Rolling Web;滚动密码工厂登录界面网页;
Factory Login Screen Rolling;滚动密码工厂登录界面;
Factory Login Screen Special Web;特殊工厂登录界面网页;
Factory Login Screen Special;特殊工厂登录界面;
Factory Login Screen;工厂登录界面;
Factory Login Special;特殊密码工厂登录;
Factory Login has been blocked due to multiple incorrect login attempts;错误登录次数过多，该工厂等级登录暂时被禁止;
Factory Login will be unblocked in:;工厂级别登录解禁时间：;
Factory Rolling password ;工厂滚动密码;
Factory Special Password;工厂特殊密码;
Factory;工厂参数;
Failed or Not Started=0;失败或未启动=0;
Failed;失效;
False;假;
Fans Error;鼓风机错误;
Feb  ;二月;
February;二月;
FieldBus Fault;现场总线故障;
Fire Security Interlock;火警安防互锁;
Folder already exists for this Chiller name;文件夹已存在，请重命名机组名称;
Français;Français;
Free Cool Start Switch;自然冷却启动开关;
Free Cooling Mode;自然冷却模式;
Free Cooling Option;自然冷却选项;
Free Cooling VLV;自然冷却电动阀;
Free Cooling Valve;自然冷却电动阀;
Free Cooling in Progress;自然冷却进行中;
Free Flash Percentage;可用存储百分比;
Free RAM Memory;可用内存;
Freecool;自然冷却;
Freeze Release;解除锁定;
Frequency Fault;频率故障;
Frequency of Sync;同步频率;
Frequency out of Range;频率超出范围;
Frequency(N=50Hz Y=60Hz);频率 (否=50Hz 是=60Hz);
Fri;五;
Friday;周五;
Full Volt=0, Redu Volt=1;全电压=0,降电压=1;
GDCB  Cmd Fdb;GDCB命令反馈状态;
GDCB 1A Status;GDCB 1A状态;
GDCB 1B Status;GDCB 1B状态;
GDCB 2A Status;GDCB 2A状态;
GDCB 2B Status;GDCB 2B状态;
GDCB Startup Delay;GDCB启动延时;
GF CT Ratio 150:1;接地故障互感器变比150:1;
GO  ;开始;
GO;出发;
GV Jumpover Delay;导叶跨跳延迟;
GV Jumpover Option;导叶跨跳选项;
GV Jumpover Range;导叶跨跳范围;
GV Opening 1;导叶开度1;
GV Opening 2;导叶开度2;
GV1 Calibration Enable;导叶1校准激活;
GV1 Calibration Status;导叶1校准状态;
GV1 Change Flag;导叶1位置改变标志;
GV1 Close Step Surge;喘振保护导叶1关闭步长;
GV1 Closure at Startup;开机时导叶1目标位置;
GV1 Control Type;导叶1控制类型;
GV1 Forced Pos;导叶1强制位置;
GV1 Forced;导叶1强制;
GV1 Pos Change Delta;导叶1位置改变量;
GV1 Pos Feedback;导叶1反馈实际电流;
GV1 Pos Load @25%;导叶1位置负荷25%;
GV1 Pos Load @50%;导叶1位置负荷50%;
GV1 Pos Load @75%;导叶1位置负荷75%;
GV1 Pos at Startup OK;启动时导叶1位置检查通过;
GV1 Position @Shutdown;断电时导叶1位置;
GV1 Travel Limit;导叶1开度限制值;
GV1/SRD Joint Test;导叶1/扩压器联动测试;
GV2  Control Type;导叶2控制类型;
GV2 Calibration Enable;导叶2校准激活;
GV2 Calibration Status;导叶2校准状态;
GV2 Forced Pos;导叶2强制位置;
GV2 Forced;导叶2强制;
GV2 Pos Feedback;导叶2反馈实际电流;
GV2 Pos at Startup OK;启动时导叶2位置检查通过;
Gas Torque Factor;扭矩因数;
Gateway 1 Destination/ Mask;网关1 目的地址/子网掩码;
Gateway 1 IP;网关 IP;
Gateway 2  Destination/ Mask;网关2 目的地址/子网掩码;
Gateway 2 IP;网关 IP;
Gateway IP;网关 IP;
Gateway Soft Part Number;转换器软件版本号;
Gateway applied successfully;网关设置成功;
Gateway deleted;网关删除;
Gateway exists;网关已存在;
Gateway/DNS Config;网关/DNS配置;
General Parameters;一般参数;
General VFD;变频器通用配置;
General;一般配置;
Generated on:;生成时间：;
Grid Frequency;电网频率;
Grid Power Factor;源侧功率因数;
Grid THDia;源侧A相THDi;
Grid THDib;源侧B相THDi;
Grid THDic;源侧C相THDi;
Grid Voltage A;电源侧A相电压;
Grid Voltage B;电源侧B相电压;
Grid Voltage C;电源侧C相电压;
Ground Fault Current;接地故障电流;
Ground Fault Persistence;接地故障持续时间;
Ground Fault Phase 1;相1接地故障电流;
Ground Fault Phase 2;相2接地故障电流;
Ground Fault Phase 3;相3接地故障电流;
Ground Fault Protection;接地故障保护;
Ground Fault Start Delay;接地故障启动延时;
Ground Fault;接地故障;
Guide Vane 1 Actual Ohms;导叶1反馈实际电阻;
Guide Vane 1 Actual Pos;导叶1实际位置;
Guide Vane 1 Actual mA;导叶1反馈实际电流;
Guide Vane 1 Close;导叶1关闭;
Guide Vane 1 Decrease;导叶1关;
Guide Vane 1 Increase;导叶1开;
Guide Vane 1 Ohms 0%;导叶1反馈电阻值0%;
Guide Vane 1 Ohms 100%;导叶1反馈电阻值100%;
Guide Vane 1 Open;导叶1开启;
Guide Vane 1 Pos;导叶1位置;
Guide Vane 1 mA 0%;导叶1反馈电流值0%;
Guide Vane 1 mA 100%;导叶1反馈电流值100%;
Guide Vane 2 Actual Pos;导叶2实际位置;
Guide Vane 2 Actual mA;导叶2反馈实际电流;
Guide Vane 2 Pos;导叶2位置;
Guide Vane 2 mA 0%;导叶2反馈电流值0%;
Guide Vane 2 mA 100%;导叶2反馈电流值100%;
Guide Vane Calibration;导叶校准;
Guide Vane Inh Surge;喘振禁止导叶开大;
Guide Vane Position;导叶位置;
Guide Vane/SRD Factor;导叶/扩压器因数;
Guide Vane1 Output;导叶1输出;
Guide Vane1 Type;导叶1类型;
Guide Vane2 Output;导叶2输出;
HEATCOOL;制热制冷;
HH:MM AM;HH:MM AM;
HIGH FORCE IN EFFECT!;高优先级强制!;
HMI Configuration Table;HMI配置表;
HOLD;保持;
HOLDY_01;假日菜单_01;
HOLDY_02;假日菜单_02;
HOLDY_03;假日菜单_03;
HOLDY_04;假日菜单_04;
HOLDY_05;假日菜单_05;
HOLDY_06;假日菜单_06;
HOLDY_07;假日菜单_07;
HOLDY_08;假日菜单_08;
HOLDY_09;假日菜单_09;
HOLDY_10;假日菜单_10;
HOLDY_11;假日菜单_11;
HOLDY_12;假日菜单_12;
HOLDY_13;假日菜单_13;
HOLDY_14;假日菜单_14;
HOLDY_15;假日菜单_15;
HOLDY_16;假日菜单_16;
HOURS;小时;
HPR VLV Deadband;压头阀死区;
HPR VLV Delta Pos 0%;压头阀最小位置对应压差;
HPR VLV Delta Pos 100%;压头阀最大位置对应压差;
HPR VLV Force;压头阀强制;
HPR VLV Forced Value;压头阀强制开度;
HPR VLV Min Output;压头阀最小输出;
HPR VLV Option;压头阀选项;
HPR VLV Position;压头阀位置;
HX Repair;维修热交换容器;
Hardware Failure;硬件故障;
Head Pres Output mA;压头阀输出电流;
Head Pres Valve Tgt Pos;压头阀目标位置;
Head Pres2 Output mA;压头阀输出电流2;
Head Pressure Reference;压头参考值;
Heat Recl Entering Temp;热回收进水温度;
Heat Recl Leaving Temp;热回收出水温度;
Heat Reclaim Option;热回收选项;
Heat;制热;
Heating ECDW Setpoint;制热冷却水进水设定点;
Heating LCDW Setpoint;制热冷却水出水设定点;
Heating LWT Protect Set;制热时冷水出水保护设定点;
Hi Evap Pre Cutout DV;高蒸发压力跳断值DV;
Hi Evap Pre Override DV;高蒸发压力优先控制值DV;
High Bearing Temp;高轴承温度优先控制;
High Condenser Pressure;高冷凝器压力优先控制;
High DC Bus Voltage;直流母线电压高;
High Discharge Temp;高排气温度优先控制;
High Eff Ref Delta Tsat;高效模式计算饱和温差;
High Effi Envelope;先进稳定控制高效模式;
High Efficiency Mode;高效模式;
High Evap Press Cutout;高蒸发压力跳断值;
High Evap Press Override;高蒸发压力优先控制值;
High Lift Freeze Protect;大温差启动蒸发器冻结保护;
High Lift Load @100%;高扬程负荷100%;
High Lift Load @25%;高扬程负荷25%;
High Line Voltage;线电压过高;
High Motor Amps;电机电流过高;
High Motor Current;电机电流高优先控制;
High Motor Temp;高电机温度优先控制;
High Noise Alert;高噪音区域警告;
High Pressure Switch;高压开关;
High Speed CE Brg Temp;高速压缩机侧轴承温度;
High Speed ME Brg Temp;高速电机侧轴承温度;
High Speed Tower Fan;冷却塔高速风扇;
High VFD Current;变频器负载电流过高;
High;高;
History Alarms;历史报警;
Hol;假;
Hold;保持;
Holiday Menu;假日菜单;
Holiday Start Month;假期开始月份;
Hours  ;小时;
Hours must be between 0 and 24  ;小时必须从0到24;
Hydraulic Status;水系统参数;
I2T Sum Heat Phase 1;相1总热量I2T;
I2T Sum Heat Phase 2;相2总热量I2T;
I2T Sum Heat Phase 3;相3总热量I2T;
IDLE=0, PreLub=1;空闲=0, 预润滑=1;
IGV Step DSH Decrease;排气过热度减少步长;
IGV Step DSH Increase;排气过热度增加步长;
IGV1 Actuator Max Deg;导叶1执行机构最大开度(角度);
IGV1 Full Load Open Deg;喘振线导叶1满载开度(角度);
IGV1 Full Load Position;喘振线导叶1满载开度(%);
IGV1 Inhibiting;导叶1禁止开大;
IGV1 Minimum Open Deg;喘振线导叶1最小开度(角度);
IGV1 Minimum Position;喘振线导叶1最小开度(%);
IGV1 Pos Configuration;喘振线导叶1单位配置;
IGV1 Surge Position;自学习喘振时导叶1开度(%);
IGV2 Actuator Max Deg;导叶2执行机构最大开度(角度);
IGV2 Deg @IGV1 20 Deg;导叶2开度@导叶1位置20度;
IGV2 Deg @IGV1 30 Deg;导叶2开度@导叶1位置30度;
IGV2 Deg @IGV1 50 Deg;导叶2开度@导叶1位置50度;
IGV2 Full Load Open Deg;导叶2满载开度(角度);
IGV2 Minimum Degree;导叶2最小开度(角度);
IGV2 Travel Limit;导叶2开度限制值;
IN PROGRESS;检测进行中;
INLET W;进水温度;
IOB #1 Soft Part Number;IOB1软件版本号;
IOB #2 Soft Part Number;IOB2软件版本号;
IOB #3 Soft Part Number;IOB3软件版本号;
IOB #4 Soft Part Number;IOB4软件版本号;
IOB1 24VAC Fuse Status;IOB1 24V保险丝状态;
IOB1 Low Voltage Flag;IOB1低电压;
IOB1 Num Peak Prev Sec;IOB1检测到波峰数;
IOB1 Power Supply Volt;IOB1供电电压;
IOB2 24VAC Fuse Status;IOB2 24V保险丝状态;
IOB2 Low Voltage Flag;IOB2低电压;
IOB2 Num Peak Prev Sec;IOB2检测到波峰数;
IOB2 Power Supply Volt;IOB2供电电压;
IOB3 24VAC Fuse Status;IOB3 24V保险丝状态;
IOB3 Low Voltage Flag;IOB3低电压;
IOB3 Num Peak Prev Sec;IOB3检测到波峰数;
IOB3 Option;IOB3选项;
IOB3 Power Supply Volt;IOB3供电电压;
IOB4 24VAC Fuse Status;IOB4 24V保险丝状态;
IOB4 Low Voltage Flag;IOB4低电压;
IOB4 Num Peak Prev Sec;IOB4检测到波峰数;
IOB4 Option;IOB4选项;
IOB4 Power Supply Volt;IOB4供电电压;
IOB;IOB配置;
IOT Version;IOT 版本;
IOT certificate status :;IOT证书加载状态;
IP address;IP 地址;
IP;IP;
ISM Calibration in Effect;ISM校准中;
ISM Calibration;ISM校准;
ISM Config Conflict;ISM配置冲突;
ISM Input Enable;ISM输入启用;
ISM Input;ISM输入;
ISM Output Percent;ISM百分比输出;
ISM Output mA;ISM毫安输出;
ISM Power on Reset;ISM上电复位;
ISM Reading Percent;ISM百分比读数;
ISM Reading Voltage;ISM电压读数;
ISM Software Part Number;ISM软件版本号;
ISM Status;ISM状态;
ISM Trip Relay Status;ISM跳断继电器状态;
ISM or VFD History;维护ISM或者VFD日志;
ISM;ISM参数;
Ice Build Contact;制冰触点;
Ice Build Done;制冰结束;
Ice Build Option;制冰选项;
Ice Build Recy Startup;制冰再循环启动;
Ice Build Recycle;制冰再循环;
Ice Build Schedule;制冰日程;
Ice Build Setpoint;制冰设定点;
Ice Build Termin Source;制冰结束源;
Ice Build Terminated;制冰结束;
Ice Build in Progress;蓄冰进行中;
Ice Building;制冰进行中;
Ice Schedule Occupied;制冰日程占用;
Ice_sp;制冰设定点;
If you have to change, please modify the value of linkedscreenid in Control Mode page.;如果一定要修改它的顺序，一定要记得修改linkedscreenid的值，在Control Mode中。;
Ignore DDL time;动态负荷限制开机启用延时;
In Alarm;报警进行中;
In Override;优先控制进行中;
Incompatibility Fault;兼容性错误;
Incorrect option passed to gateway_wrapper;传递给gateway_wrapper选项错误;
Increase Ramp Time;频率上升时间;
Inductor Overtemp Switch;电抗器高温开关;
Information;信息;
Inputs Status;输入参数;
Inrush Fault;充电故障;
Insufficient Memory;内存不足;
Interface:eth0;接口配置:网口0;
Interface:eth1;接口配置:网口1;
Interface;网口名称;
Internal Fault;内部故障;
Invalid Configuration;无效配置;
Invalid Password  ;密码错误;
Invalid argument to route command;路由命令参数无效;
Invalid chiller name;机组名称无效;
Invalid option for device data collection ;导出服务数据选项无效;
Invalid option for techinical data collection;导出系统日志选项无效;
Invalid time zone settings;无效时区;
Inverter Overcurrent;逆变器过电流;
Inverter Overload;逆变器过载率;
Inverter Overtemp;逆变器温度高;
Inverter Power Fault;逆变器电源故障;
Inverter Temperature;逆变器温度;
It looks like you have been editing something. If you leave before saving your changes will be lost.  ;您正在编辑，离开之前请保存;
It looks like you have been editing something. If you leave before saving your changes will be lost.;你正在编辑相关条目，如果不保存就离开，修改会丢失;
Italiano;Italiano;
J6 0-10V Input Cali;J6 0-10伏输入校准激活;
J6 0-10V Input;J6 0-10伏输入;
J8B 4-20mA Output Cali;J8B 4-20毫安输出校准激活;
J8B 4-20mA Output;J8B 4-20毫安输出;
Jan  ;一月;
January;一月;
Jbus Current Alarm 1;Jbus目前报警状态1;
Jbus Current Alarm 2;Jbus目前报警状态2;
Jbus Current Alarm 3;Jbus目前报警状态3;
Jbus Current Alarm 4;Jbus目前报警状态4;
Jbus Current Alarm 5;Jbus目前报警状态5;
July  ;七月;
July;七月;
June  ;六月;
June;六月;
L-off;本地-停机;
L-on;本地-开机;
L-sched;本地-日程表;
LCDW Press Calibration;冷却水出水压力校准激活;
LCDW Sensor Raw Temp;冷却水出水温度传感器读数;
LCDW Sensor Type;冷却水出水温度传感器类型;
LCDW Temperature Offset;冷却水出水温度传感器校准量;
LCDW at Selection Point;选型点冷却水出水温度;
LCW Press Calibration;冷水出水压力校准激活;
LCW Sensor Raw Temp;冷水出水温度传感器读数;
LCW Sensor Type;冷水出水温度传感器类型;
LCW Temperature Offset;冷水出水温度传感器校准量;
LCW at Selection Point;选型点冷水出水温度;
LEAVING;结束;
LEN Diagnostic;LEN 诊断;
LEN Log interval;LEN日志间隔;
LEN Port J6 Term Res;LEN端口J6终端电阻;
LIMIT;限制;
LLC EXV Forced Value;液位电子膨胀阀强制开度;
LLC EXV Forced;液位电子膨胀阀强制;
LOCAL;本地;
LOSS OF COMMUNICATION;通信丢失;
LR Temp Switch;进线电抗器温度开关;
Lab Test Forced;实验室强制测试;
Lag Minimum Running Time;滞后机组最少运行时间设定;
Lag Run Delta T;从机运行时水温控制点补偿;
Lag Shutdown Threshold;滞后机组关机负荷阈值;
Lag Start Time;滞后机组开机延时设定;
Lag Start Timer;滞后机组开机延时时间;
Lag Stop Time;滞后机组关机延时设定;
Lag Stop Timer;滞后机组关机延时时间;
Lag off Delta T;单机运行时水温控制点补偿;
Language & Units Selection;语言/单位选择;
Language;语言;
Last Cond Pump Run Time;冷却水泵最后运行时间;
Last Reboot Reason;上次重启原因;
Lead Lag Communication;领先滞后机组通讯;
Lead Pulldown Time;领先机缓慢加载温度时间设定;
Lead Unload Threshold;领先机组卸载阈值;
Lead, Lag Once Failed=0;领先,故障时变为滞后=0;
Lead/Lag Balance Delta;领先/滞后机组平衡时间差;
Lead/Lag Hours Delta;领先/滞后机组运行时间差;
Leaving Chilled Water P;冷水出水压力;
Leaving Chilled Water;冷水出水温度;
Leaving Cond Water Pres;冷却水出水压力;
Leaving Condenser Water;冷却水出水温度;
Leaving Water Temp Reset;出水温度偏移量;
Line Current Imbal Time;线电流不平衡时间;
Line Current Imbalance%;线电流不平衡率;
Line Current Imbalance;线电流不平衡;
Line Current Phase 1;相1线电流;
Line Current Phase 2;相2线电流;
Line Current Phase 3;相3线电流;
Line Frequency Faulting;电源频率故障;
Line Frequency;电源频率;
Line Kilowatts Hours;用电千瓦时;
Line Kilowatts;线功率;
Line Phase Reversal;电源相序接反;
Line Power Factor;线功率因数;
Line Volt Imbalance Time;线电压不平衡时间;
Line Voltage Imbalance%;线电压不平衡率;
Line Voltage Imbalance;线电压不平衡;
Line Voltage Phase 1;相1线电压;
Line Voltage Phase 2;相2线电压;
Line Voltage Phase 3;相3线电压;
Liquid Level EXV Output;液位电子膨胀阀输出;
Liquid Level EXV Target;液位电子膨胀阀位置;
Liquid Level EXV;液位电子膨胀阀;
Liquid Level Switch;液位传感器开关;
Live Zero Error;断线故障;
Load Current Ph 1(U);相1负载电流(U);
Load Current Ph 2(V);相2负载电流(V);
Load Current Ph 3(W);相3负载电流(W);
Load Current Phase 1;相1负载电流;
Load Current Phase 2;相2负载电流;
Load Current Phase 3;相3负载电流;
Load Ramping;负荷缓慢加载进行中;
Load THDia;负载侧A相THDi;
Load THDib;负载侧B相THDi;
Load THDic;负载侧C相THDi;
Local On;本地;
Local Schedule Occupied;本地日程占用;
Local Schedule;本地日程;
Local Surge Status;本机喘振状态;
Local;本地;
Local=0, Network=1;本地=0,网络=1;
Location Description;位置描述;
Locked Rotor Start Delay;堵转延时启动;
Locked Rotor Trip;堵转脱扣电流;
Lockout;锁定;
Log collection in progress;数据导出中;
Login  ;登录;
Login Failed;登录失败;
Login Level = Advanced User;登录级别 = 用户;
Login Level = Basic;登录级别 = 基本;
Login Level = Factory;登录级别 = 工厂;
Login Level = Service;登录级别 = 服务;
Login Level = User;登录级别 = 基本;
Login Screen;登录界面;
Login attempts left:;剩余登录次数;
Login;登录;
Logout;注销;
Logs copied Successfully;数据导出成功;
Logs saved successfully in folder with UTC time;数据导出成功（UTC时间命名）;
Loss of Communication  ;失去通信;
Low Charge Cond Approach;低充注量冷凝换热温差;
Low DC Bus Voltage;直流母线电压低;
Low DSH Protection;低排气过热度保护;
Low Discharge Superheat;低排气过热度优先控制;
Low Lift Load @25%;低扬程负荷25%;
Low Lift Profile Select;低扬程特性选择;
Low Line Voltage;线电压过低;
Low Load;低负荷;
Low Load=2, Comb=3;低负荷=2,组合=3;
Low Source Temp;制热时低冷水出水优先控制;
Low Speed CE Brg Temp;低速压缩机侧轴承温度;
Low Speed ME Brg Temp;低速电机侧轴承温度;
Low Speed Tower Fan;冷却塔低速风扇;
Low Suction Sat Temp;低饱和吸气温度优先控制;
Low;低;
Low=3, High=4;强制校验低=3, 强制校验高=4;
Lub Press Verify Time;油/制冷剂压差确认时间;
Lube Drain CV Force;回液控制阀强制;
MAC address;MAC 地址;
MB Master Config Error;Modbus主机配置错误码;
MB Master R/W Error;Modbus主机读写错误码;
MB;MB;
MBB SVN Revision;控制器SVN版本号;
MM/DD/YYYY;YYYY-MM-DD;
MNU_0014_01;MNU_0014_01;
MNU_0014_02;MNU_0014_-2;
MNU_0014_03;MNU_0014_03;
MNU_A001_02;MNU_A001_02;
MNU_A001_03;MNU_A001_03;
MNU_A001_04;MNU_A001_04;
MNU_A001_05;MNU_A001_05;
MNU_A001_06;MNU_A001_06;
MNU_A001_07;MNU_A001_07;
MNU_A001_08;MNU_A001_08;
MS/TP Baud rate;MS/TP波特率;
MS/TP Mac address;MS/TP物理地址;
MS/TP Max Info Frames;MS/TP最大信息帧号;
MS/TP Max Master;MS/TP最大主设备号;
MTRB1 Sensor Type;低速电机侧轴承温度传感器类型;
MTRB2 Sensor Type;低速压缩机侧轴承温度传感器类型;
MTRB3 Sensor Type;高速电机侧轴承温度传感器类型;
MTRB4 Sensor Type;高速压缩机侧轴承温度传感器类型;
MTRW1 Sensor Type;电机绕组1温度传感器类型;
MTRW2 Sensor Type;电机绕组2温度传感器类型;
MTRW3 Sensor Type;电机绕组3温度传感器类型;
Main Menu;主菜单;
Mains Failure;主电源故障;
Mains Phase Loss;主电源缺相;
Maintenance IOB;维护IOB;
Maintenance ISM Config;维护ISM配置;
Maintenance Menu;维护菜单;
Maintenance Others;维护其它;
Maintenance SRD;维护扩压器;
Maintenance VFD Config;维护变频器配置;
Maintenance;维护;
Manual;手动;
Mar  ;三月;
March;三月;
Marine Cont. Pwr Req;船用持续供电请求选项;
Marine Option;船用选项;
Marine Pwr Req Feedback;船用供电请求反馈;
Marine Pwr Req Option;船用供电请求选项;
Marine Pwr Req Output;船用供电请求状态;
Marine Transducer Option;船用传感器选项;
Master Chiller Running;主机运行中;
Master Control Type;主机控制模式;
Master Lead Lag Select;主机领先或滞后选择;
Master Run Status;主机运行状态;
Master Slave Fault;主从机故障;
Master Slave Start Stop;主从机启停命令;
Master Slave;主从机控制;
Master per Capacity;主机冷量百分比;
Master/Slave Select;主机/从机选择;
Master;主机;
Master=1, Slave=2;主机=1, 从机=2;
Max Amps Change Value;最大电流改变阈值;
Max Range ;上限;
Max Temp Deviation +;允许的水温偏离上限;
Max Temp Deviation -;允许的水温偏离下限;
Max Zoom-In Reached;已经到达最大化极限;
Maximum Deg Temp Reset;最大温度修正值;
Maximum GV Movement;导叶最大变化量;
Maximum Limit is Set for One day;最大的限制是一天;
Maximum Limit is Set for seven days;最大的限制是七天;
Maximum Zoom Out Reached;已经到达最小化极限;
Maximum Zoom-In Reached;已经缩小到最小;
Maximum Zoom-Out Reached;已经放大到最大;
May  ;五月;
May;五月;
Meg-Ohm Test Motor;兆欧表检测电机;
Menu_Target_Config_Table;Menu_Target_Config_Table;
Menu_Target_Schedule_Table;Menu_Target_Schedule_Table;
Menu_Target_Status_Table;Menu_Target_Status_Table;
Metric  ;公制;
Metric;公制;
Middle Lift Demand Limit;中间负荷限制;
Middle Lift percent;中间水温扬程;
Middle Sensor Option;中间水温传感器选项;
Min Range;下限;
Minimum Brine LWT;最小盐水出水温度;
Minutes  ;分钟;
Minutes must be between 0 and 59  ;分钟必须从0到59;
Minutes;分钟;
Mod Master J10 Term Res;Modbus主机端口J10终端电阻;
Modbus Baud Rate;Modbus主机波特率;
Modbus Board Com Timeout;Modbus通讯板超时时长;
Modbus Configuration;Modbus配置;
Modbus Data Com Timeout;Modbus数据帧超时时长;
Modbus Gateway Option;Modbus网关选项;
Modbus Litte Endian;Modbus小端字节序;
Modbus Master;Modbus主机;
Modbus Metric Unit;Modbus公制单位;
Modbus RTU Baudrate;Modbus RTU波特率;
Modbus RTU Parity Option;Modbus RTU奇偶校验选项;
Modbus RTU Stop Bit;Modbus RTU停止位;
Modbus RTU=2;Modbus RTU=2;
Modbus Real Type;Modbus浮点;
Modbus Server UID;Modbus服务器UID;
Modbus TCP Enable;Modbus TCP启用;
Modbus TCP Port Number;Modbus TCP端口号;
Modes;模式;
Module Setup;模块设置;
Module Status;模块状态;
Module Temperature;模块温度;
Mon;一;
Monday;周一;
Motor Acceleration Fault;电机加速故障;
Motor Actual Frequency;电机实际运行频率;
Motor Amps Not Sensed;没有检测到电机电流;
Motor Amps When Stopped;停机时电机有电流;
Motor Current CT Ratio:1;电流互感器变比:1;
Motor Current Imbal Time;负载电流不平衡时间;
Motor Current Imbalance;负载电流不平衡率;
Motor Etr over Temp;电机ETR过载;
Motor Kilowatt-Hours;电机用电千瓦时;
Motor Kilowatts ;电机功率;
Motor Kilowatts;电机功率;
Motor Locked Rotor Trip;电机堵转脱扣电流;
Motor Nameplate Current;电机铭牌电流;
Motor Nameplate KW;电机铭牌功率;
Motor Nameplate RPM;电机铭牌转速;
Motor Nameplate Voltage;电机铭牌电压;
Motor Overload Factor;电机过载系数;
Motor Overload Trip;电机过载;
Motor Overload;电机过载率;
Motor Percent Kilowatts;电机功率百分比;
Motor Phase U Missing;U相缺相;
Motor Phase V Missing;V相缺相;
Motor Phase W Missing;W相缺相;
Motor Pole Pair;电机极对数;
Motor Power Factor;电机功率因数;
Motor Rated Kilowatts;电机额定功率;
Motor Rated Line Voltage;电机额定线电压;
Motor Rated Load Amps;电机额定电流;
Motor Rated Load Current;电机额定电流;
Motor Rotation Check;电机转向检查;
Motor Start Command;电机启动命令;
Motor Status;电机状态;
Motor Target Frequency;电机目标控制频率;
Motor Therm over Temp;电机热电阻温度高;
Motor Winding 1 Temp;电机绕组1温度;
Motor Winding 2 Temp;电机绕组2温度;
Motor Winding 3 Temp;电机绕组3温度;
NA;无;
NAME;名称;
NETWORK;网络;
NO;否;
NORMAL;正常;
NTP Server;NTP服务器;
Name;名称;
Native=0, Gateway=1;直连=0, 网关=1;
Net mask;子网掩码;
Network Diagnostic;网络诊断;
Network Schedule;网络日程;
Network is unreachable;网络不可达;
Network:Cmd Occupied;网络:命令占用;
Network:Cmd Start/Stop;网络:命令启停;
Network;网络;
New Alarm(s) :;新报警:;
New Alarm;新报警;
New user password;新密码;
No  ;否;
No Authentication=0;无需认证=0;
No Calib Or Failure=0,;未校准或校准失败=0;
No Fault=0, Master=1;无故障=0, 主机=1;
No IOT Certification;IOT证书未下载;
No Stir=0, 30s/30m=1,;不搅拌=0, 30秒/30分钟=1,;
No items found  ;无此项目;
No items found;没有找到条目;
No such gateway ip present;没有这样的网关ip存在;
No text  ;没有文本;
No;否;
No=0, 4-20mA=1,;无=0,4-20mA=1;
No=0, Cont.=1,;无=0, 连续=1,;
No=0, Full=1, Partial=2;无=0, 完全=1, 部分=2;
No=0, Low=1, High=2;无=0,低=1,高=2;
No=0, Odd=1, Even=2;无校验=0, 奇校验=1, 偶校验=2;
No=0,;无=0,;
Noise;噪音;
NonRecycle Shutdown Done;非再循环关机完成;
None=0, BACnet MS/TP=1;关闭=0, BACnet MS/TP=1;
Normal Shutdown;正常关机进行中;
Normal;正常;
Not Applied;未应用;
Not Calibrated;未校准;
Not present;未加载;
Note: Override not available during occupancy;注意:在占用期间无法优先控制;
Nov  ;十一月;
November;十一月;
Number of ARH busy (10s);ARH 繁忙次数（10s）;
Number of GDCBs;GDCBs数量;
Number of messages sent (10s);信息发送次数（10s）;
OAT Broadcast;OAT广播;
OCCUPIED;占用;
OFF-COOLER HEATER ACTIVE;停机-蒸发器加热器有效;
OFF;关;
OK  ;确定;
OK;确定;
ON - UNDER SM CTRL;开机-在系统管理器控制下;
ON-COOL-DEMAND LIMITED;开机-制冷-负荷限制;
ON-COOL-RESET ACTIVE;开机-制冷-重设有效;
ON-COOL-RESET AND LIMIT;开机-制冷-重设及限制;
ON-COOLING;开机-制冷;
ON-HEAT-DEMAND LIMITED;开机-制热-负荷限制;
ON-HEAT-RESET ACTIVE;开机-制热-重设有效;
ON-HEAT-RESET AND LIMIT;开机-制热-重设及限制;
ON-HEATING;开机-制热;
ON-MASTER AND LAG  UNIT;开机-主机滞后;
ON-MASTER AND LEAD UNIT;开机-主机领先;
ON-SLAVE  AND LAG  UNIT;开机-从机滞后;
ON-SLAVE  AND LEAD UNIT;开机-从机领先;
ON-STANDBY;开机-待机;
ON/OFF Damper;调节阀（开关型）;
ON/OFF;开/关;
ON/OFF=2, mA=3;开/关=2, mA=3;
ON;开;
OPEN;打开;
OUTDOOR;户外;
OUTLET W;出水温度;
Occupancy Override;占用优先;
Occupied from;从;
Occupied;被占用;
Oct  ;十月;
October;十月;
Off  ;关闭;
Off;关闭;
Oil Change Done;换油完成;
Oil Cooler EXV Force Val;油路电子膨胀阀强制开度;
Oil Cooler EXV Force;油路电子膨胀阀强制;
Oil Cooler EXV Option;油路电子膨胀阀选项;
Oil Cooler EXV Target;油路电子膨胀阀目标位置;
Oil Cooler EXV mA;油路电子膨胀阀输出电流;
Oil Cooler EXV;油路电子膨胀阀;
Oil Filter Change Done;油过滤器更换完成;
Oil Filter Failure;油过滤器;
Oil Filter Is Dirty;油过滤器脏;
Oil Filter PD Threshold;油过滤器压差阈值;
Oil Heater Relay;油加热器;
Oil Heater;油加热器;
Oil Lub Expire Time;换油周期;
Oil Lubrication Duration;累计润滑时长;
Oil Need To Be Changed;需要更换油;
Oil Pressure Difference;油压差;
Oil Pump Delta P;油压差;
Oil Pump Relay;油泵;
Oil Pump Req Oil Heater;油加热要求油泵启动;
Oil Pump Req Prestart;预启动要求油泵启动;
Oil Pump VFD Max PD;油泵变频器控制油压差上限;
Oil Pump VFD Max Step;油泵变频器最大步长;
Oil Pump VFD Output mA;油泵变频器输出电流;
Oil Pump VFD Target;油泵变频器目标速度;
Oil Pump;油泵;
Oil Quality;油品质;
Oil Stir Cycle(19XR6/7);润滑油搅拌周期(19XR6/7);
Oil Storage Duration;累计储油时长;
Oil Storage Expire Time;储油周期;
Oil Sump Pres Tran Volts;油箱压力反馈电压;
Oil Sump Press Cali;油箱压力校准激活;
Oil Sump Pressure;油箱压力;
Oil Sump Temp;油箱温度;
Oil Sump Temperature;油箱温度;
Oil Sup Pres Trans Volts;供油压力反馈电压;
Oil Supply Press Cali;供油压力校准激活;
Oil Supply Pressure;供油压力;
Oil Supply Temp;供油温度;
Oil Supply Temperature;供油温度;
Oil Temp High Threshold;高油温阈值;
Oil Temp Low Threshold;低油温阈值;
Oil Temp Prestart Check;油温预启动检查;
Oil/Ref Delta P Offset;油/制冷剂压差偏移量;
Oil/Ref Pres Test Passed;油/制冷剂压差测试通过;
Oil/Ref Pressure Difference;油/制冷剂压差;
Oil/Ref Pump Delta Press;油/制冷剂压差;
Oil/Ref Pump;油/制冷剂泵;
On  ;打开;
On;开启;
Op/Cl=0, Analog=1;开/关=0, 模拟=1;
Open;断开;
Opened;全开;
Operation - Liquid Level EXV Forced;运行-强制液位电子膨胀阀;
Operation - Oil EXV Forced;运行-强制油路电子膨胀阀;
Operation - Refrigerant Lub Forced;运行-强制制冷剂润滑相关控制阀;
Opti-Sound IGV1 Position;噪音优化导叶1位置;
Optimal Operation;优化运行中;
Option Change;选件变动;
Option;选项配置;
Outputs Status;输出参数;
Over Current;过电流;
Over Voltage;过电压;
Over under Volt Persist;过/欠电压持续时间;
Overload Trip;过载跳断;
Overrid Act Demand Limit;主从控制优先负荷限制值;
Overrid Control Point;主从控制优先控制点;
Override - High Bearing Temp;优先控制-轴承温度高;
Override - High Compressor Lift;优先控制-压缩机扬程高;
Override - High Condenser Pressure;优先控制-冷凝器压力高;
Override - High Discharge Temp;优先控制-排气温度高;
Override - High Motor Current;优先控制-电机电流高;
Override - High Motor Temperature;优先控制-电机温度高;
Override - Low Discharge Superheat;优先控制-排气过热度低;
Override - Low Evap Refrig Temp;优先控制-蒸发器制冷剂温度低;
Override - Low Source Temp;优先控制-低温;
Override - Manual VFD Speed Target;优先控制-手动变频器目标速度;
Override Control;优先控制;
Override ON for:;以下优先控制:;
Override;优先控制;
Overvoltage Threshold;过电压阈值;
PARTIAL: ALARM;部分运行:报警;
PASS;已连接;
PG Comp Force Tgt;抽气压缩机强制位置;
PG Comp Force;抽气压缩机强制;
PG Comp VLV Force Tgt;压缩机侧抽气电磁阀强制位置;
PG Comp VLV Force;压缩机侧抽气电磁阀强制;
PG Cond VLV Force Tgt;冷凝器侧抽气电磁阀强制位置;
PG Cond VLV Force;冷凝器侧抽气电磁阀强制;
PG Disch VLV Force Tgt;排气电磁阀强制位置;
PG Disch VLV Force;排气电磁阀强制;
PG Discharge Delay Time;抽气装置排气延时;
PG Discharge Wait Time;抽气装置排气等待;
PG Drainage Force;抽气装置排液阀强制开启;
PG Heater Force Tgt;抽气加热器强制位置;
PG Heater Force;抽气加热器强制;
PG Pumpout VLV Force Tgt;抽气装置泵出电磁阀强制位置;
PG Pumpout VLV Force;抽气装置泵出电磁阀强制;
PG Regen VLV Force Tgt;再生电磁阀强制位置;
PG Regen VLV Force;再生电磁阀强制;
PG Vacuum Pump Force Tgt;抽气真空泵强制位置;
PG Vacuum Pump Force;抽气真空泵强制;
PING test status :;服务器连接状态;
PR = 0, Delta T = 1;压比 = 0, 温差 = 1;
PR at Full Load Opening;满载开度压比;
PR at Minimum Opening;最小开度压比;
PTC1 Safe Stop;PTC1安全停止;
PUMP;泵;
PWM Switch Frequency;PWM开关频率;
Parallel=0, Series=1;并联=0,串联=1;
Partial;部分;
Password Required;需要密码;
Password is required  ;需要密码访问;
Password;密码;
Percent Current;电流百分比;
Percent Line Current;线电流百分比;
Percent Line Voltage ;线电压百分比;
Percent Line Voltage;线电压百分比;
Percent Load Current;负载电流百分比;
Percent VFD Load Current;变频器负载电流百分比;
Perform Eddy Current Test Cond;进行冷凝管涡流探伤测试;
Perform Eddy Current Test Evap;进行蒸发管涡流探伤测试;
Perform Refrigerant Leak Test;进行制冷剂泄露测试;
Perform Vibration Test;进行振动测试;
Period;时间段;
Phase 1 Fault;相1故障;
Phase 1 Faulted;相1故障;
Phase 2 Fault;相2故障;
Phase 2 Faulted;相2故障;
Phase 3 Fault;相3故障;
Phase 3 Faulted;相3故障;
Phase Loss;缺相;
Phase Reversal;反相;
Platform error in setting time zone;时区设置失败;
Please Add Refrigerant. Press OK if Completed.;充制冷剂;
Please Contact Carrier Service;请联系开利维修服务人员;
Please Remove Refrigerant. Press OK if Completed.;抽制冷剂;
Please enter confirm password;请输入确认密码;
Please enter new user password;请输入新的密码;
Please enter your login password;请输入你的登录密码;
Plug or Isolate Tube Cond;堵住或隔离冷凝管;
Plug or Isolate Tube Evap;堵住或隔离蒸发管;
Port J8 Option;J8端口功能;
Port Number;端口号;
Positioning;中间位置;
Power Calibration Factor;功率校准因子;
Power Card over Temp;功率卡温度过高;
Power Line Parameters;电源进线侧参数;
Power Load Parameters;电源负载侧参数;
Power Recovery Duration;电源断电时间;
Power Recovery Timeout;快速重启超时;
Power down Active;断电中;
Pre Lube from Colder HX;预润滑从低温容器取液;
Precharge Feedback;预充电反馈状态;
Precharge Relay Status;预充电继电器状态;
Present;已加载;
Press OK to Start Pumpdown?;按确定键开始泵出?;
Press OK to Terminate Lockout?;按确定键结束锁定?;
Pressure Difference;压差;
Pressure Sensor Calib;压力传感器校准;
Pressure Sensor Type;压力传感器选项;
Pressure Trip Contact;压力跳断触点;
Pressures;压力;
Prestart Check Status;预启动检查状态;
Prestart Check in Progress;预启动检查中;
Prestart Check;预启动检查;
Prestart Fault Time;预启动失效时间;
Prestart Fault Timer;预启动失效时间;
Prestart;预启动;
Preview text;软件版本;
Prog Function Enable;预诊断启用;
Prognostics;预诊断状态;
Progress=1, Completed=2;进行中=1,完成=2;
Proportional Dec Band;比例减少带;
Proportional Inc Band;比例增加带;
Protective Limit;保护限制配置;
Pulldown Ramp Type;缓慢加载方式;
Pulldown Set Point;缓慢加载温度设定点;
Pulldown Timer;缓慢加载时间;
Pulldown: Delta T / Min;缓慢加载:温差/分钟;
Pump Inlet Pressure;制冷剂泵进口压力;
Pump Input Press Cali;制冷剂泵进口压力校准激活;
Pump Input Trans Volt;制冷剂泵进口压力反馈电压;
Pump Outlet Pressure;制冷剂泵出口压力;
Pump Output Press Cali;制冷剂泵出口压力校准激活;
Pump Output Trans Volt;制冷剂泵出口压力反馈电压;
Pump PD at Startup OK;启动时油/制冷剂压差检查通过;
Pump Req Shutdown;关机要求油/制冷剂泵启动;
Pump Req Startup;启动要求油/制冷剂泵启动;
Pump Req Swift Rst;快速重启要求油/制冷剂泵启动;
Pumpdown/Lockout State;泵出/锁定状态;
Pumpdown/Lockout;泵出/锁定;
Pumpdown;泵出;
Pumpout in 24 Hrs;24小时累计泵出时间;
Purge - Forced;抽气装置-强制;
Purge Active Temp SP;抽气装置激活温度设定点;
Purge Active;抽气进行中;
Purge Comp SV;压缩机抽气电磁阀;
Purge Comp Suction Temp;抽气装置压缩机吸气温度;
Purge Comp Valve;压缩机侧抽气电磁阀;
Purge Compressor;抽气压缩机;
Purge Cond  Valve;冷凝器侧抽气电磁阀;
Purge Cond SV;冷凝器抽气电磁阀;
Purge Discharge SV;排气电磁阀;
Purge Discharge Temp;抽气装置排气温度;
Purge Discharge Time;抽气装置排气时间;
Purge Discharge Valve;抽气装置排气电磁阀;
Purge Drainage SV;排液电磁阀;
Purge Drainage Temp;抽气装置排液温度;
Purge Drainage Valve;抽气装置排液电磁阀;
Purge Forced;抽气装置强制;
Purge Heater;抽气加热器;
Purge Idle Drain SV;停机排液阀;
Purge Idle Drainage VLV;抽气装置停机排液阀;
Purge Inlet Temp;抽气装置进口温度;
Purge Level Switch High;抽气装置高液位;
Purge Level Switch Low;抽气装置低液位;
Purge Pumpout SV;泵出电磁阀;
Purge Pumpout Valve;泵出电磁阀;
Purge Pumpout in 24 Hrs;抽气装置24小时累计泵出时间;
Purge Rege SV;再生电磁阀;
Purge Regen Lasting Time;抽气再生持续时间;
Purge Regeneration Valve;抽气装置再生电磁阀;
Purge System Option;抽气装置选项;
Purge System Status;抽气装置状态;
Purge System;抽气装置状态;
Purge Vacuum Pump;抽气真空泵;
Purge on Idle Option;停机抽气选项;
Quick Calibration;快速校准;
Quick Test Enable;快速测试激活;
Quick Test in Progress;快速测试进行中;
Quick Test;快速测试;
R134a=0,R513A=1,R515A=2;R134a=0,R513A=1,R515A=2;
READY TO START IN MIN;准备在几分钟后启动;
REMOTE;远程;
RESET  ;复位;
Ramp Loading - Capacity Inhibit;缓慢加载-禁止加载;
Ramp Loading - Motor Load;缓慢加载-负荷;
Ramp Loading - Temperature;缓慢加载-温度;
Ramp Loading;缓慢加载进行中;
Rampdown Factor;缓慢降载系数;
Ramping Demand Limit Val;缓慢加载负荷限制值;
Ramping;缓慢加载;
Rated Line Voltage;额定线电压;
Read Config Complete;读配置完成;
Read Configuration;读变频器配置;
Recip1 Email Part1;收件人1用户名;
Recip1 Email Part2;收件人1邮箱域名;
Recip2 Email Part1;收件人2用户名;
Recip2 Email Part2;收件人2邮箱域名;
Rectifier Overcurrent;整流器过电流;
Rectifier Overload;整流器过载率;
Rectifier Overtemp;整流器温度高;
Rectifier Power Fault;整流器电源故障;
Rectifier Temperature;整流器温度;
Recurring;循环同步;
Recy Startup in 4 Hours;4小时内再循环启动次数;
Recycle Restart Delta T;再循环重启温差;
Recycle Shutdown Delta T;再循环关机温差;
Recycle Shutdown Done;再循环关机完成;
Recycle Shutdown;再循环关机进行中;
Recycle Startup;再循环启动进行中;
Recycle in Progress;再循环进行中;
Recycle;再循环;
Ref Lub 1st Test Status;首次开机制冷剂润滑测试状态;
Ref Lub 1st Test Time;首次开机制冷剂润滑测试时间;
Ref Lub 1st Test;首次开机制冷剂润滑测试;
Ref Pump Delta P;制冷剂泵进出口压差;
Refrig Charge Status;制冷剂充注量状态;
Refrig Leakage Alarm mA;制冷剂泄漏报警电流;
Refrig Leakage Option;制冷剂泄漏检测选项;
Refrig Leakage Sensor;制冷剂泄漏传感器;
Refrigerant Charge Done;制冷剂充注完成;
Refrigerant Charge Is Low;制冷剂充注量少;
Refrigerant Cool Relay;制冷剂冷却继电器;
Refrigerant Pump;制冷剂泵;
Refrigerant Transducer Out Of Calibration;制冷器压力传感器需要校准;
Refrigerant Type;制冷剂类型;
Regenerate Password;重新生成密码;
Regeneration Countdown;再生时间;
Relinquish Default  ;恢复默认值;
Relinquish Default;放弃默认值;
Relinquish;放弃;
Remote Reset Alarm;远程报警复位;
Remote Reset Temp;远程修正温度;
Remote Start/Stop;远程启停触点;
Remote Stop Contact;远程关机触点;
Remote Surge Status;远程喘振状态;
Remote Temp Full Reset;远程温度满修正值;
Remote Temp No Reset;远程温度无修正值;
Remote Temp=2,;远程温度=2,;
Remote;远程;
Remote=2, Local Sched=3;远程=2,本地日程=3;
Repair IGV;维修导叶;
Repair Muffler Assembly;更换消声器组件;
Repair Refrigerant Leak;修复制冷剂泄露;
Repair SRD;维修可变扩压器;
Replace Ball Valve;换球阀;
Replace Compressor Check Valve;更换压缩机单向阀;
Replace Compressor O-Rings;更换压缩机O环;
Replace Cond Tubes;更换冷凝管;
Replace Discharge Line Gaskets/O-Rings;更换排气管垫片或O环;
Replace Division Plate Gasket Cond;更换冷凝器水室隔板垫片;
Replace Division Plate Gasket Evap;更换蒸发器水室隔板垫片;
Replace EXV;换电子膨胀阀;
Replace Evap Tubes;更换蒸发管;
Replace Float Assembly High Side;更换冷凝器侧浮阀组件;
Replace Float Assembly Low Side;更换经济器侧浮阀组件;
Replace High Speed Bearings;换高速轴承;
Replace Impeller Displacement Switch;更换导叶位移开关;
Replace Labyrinths;更换迷宫;
Replace Low Speed Bearings;换低速轴承;
Replace Motor O-Rings;更换电机O环;
Replace Motor Terminal;更换电机端子;
Replace Oil Charge;更换油充注;
Replace Oil Cooler TXV;更换油冷却器热力膨胀阀;
Replace Oil Cooler;换油冷却器;
Replace Oil Filter;换油过滤器;
Replace Oil Heater;换油加热器;
Replace Refrigerant Iso Valve;换制冷剂隔离阀;
Replace Refrigerant Strainers;更换制冷剂滤网;
Replace Rotor;更换转子;
Replace Sight Glass;换视镜;
Replace Stator;更换定子;
Replace Suction Elbow Gaskets/O-Rings;更换吸气管垫片或O环;
Replace Vaporizer Heater;更换气体加热器;
Replace Water Box Cover Gasket Cond;更换冷凝器水室垫片;
Replace Water Box Cover Gasket Evap;更换蒸发器水室垫片;
Replace or Repair Oil Pump;换或维修油泵;
Replacer Refrigerant Filters;换制冷剂过滤器;
Required DSH;要求的排气过热度;
Reset Alarms;报警复位;
Resistance=5, RTD=6;电阻=5, 铂电阻=6;
Resource busy.. Try again later;系统繁忙，请稍后重试;
Restore Defaults;恢复默认配置;
Return Liquid Temp;系统回水温度;
Rockwell LF2 VFD = 3;罗克韦尔LF2变频器 = 3;
Rockwell STD VFD = 5;罗克韦尔STD变频器 = 5;
Rootfs Version;Rootfs 版本;
Rotat=2, PosLub=3, End=4;运行=2, 后润滑=3, 结束=4;
Router;路由器;
Run CLOUD test;开始检测;
Run PING test;开始检测;
Run Times;运行时间;
Running - Cooling Entering Chilled Water;运行-制冷冷水进水;
Running - Cooling Leaving Chilled Water;运行-制冷冷水出水;
Running - Damper Valve Forced;运行-强制经济器调节阀;
Running - Guide Vane 1 Position Forced;运行-强制导叶1位置;
Running - Guide Vane 2 Position Forced;运行- 强制导叶2位置;
Running - Head Pressure Valve Forced;运行-强制压头阀;
Running - Heating Entering Cond Water;运行-制热冷却水进水;
Running - Heating Leaving Cond Water;运行-制热冷却水出水;
Running - Temp Reset by 4-20mA Signal;运行-温度修正根据4-20毫安信号;
Running - Temp Reset by Remote Temp Sensor;运行-温度修正根据远程温度传感器;
Running - Temp Reset by Water DT;运行-温度修正根据水温温差;
Running - VFD Overcurrent;运行-变频器过电流;
Running - VFD Rampdown;运行-变频控制减载进行中;
Running - VFD Speed Forced;运行-强制变频器速度;
Running - Vapor Source Valve Forced;运行-强制气源控制阀;
Running;运行;
Runtime Balance=1;根据运行时间差选择=1;
SCHEDULE;本地日程;
SDK Version;SDK 版本;
SHUTDOWN: ALARM;关机:报警;
SIOB Soft Part Number;SIOB软件版本号;
SMTP IP Addr Part 1;SMTP服务器地址1;
SMTP IP Addr Part 2;SMTP服务器地址2;
SMTP IP Addr Part 3;SMTP服务器地址3;
SMTP IP Addr Part 4;SMTP服务器地址4;
SPD Feedback;避雷器反馈状态;
SRD IGV Offset Select;扩压器导叶偏移量选择;
SRD Peak Threshold;峰值检测设定点;
SRD Pos Load @25%;扩压器位置负荷25%;
SRD Pos Load @50%;扩压器位置负荷50%;
SRD Pos Load @75%;扩压器位置负荷75%;
SRD Position @Shutdown;断电时可变扩压器位置;
SRD Rotating Stall Alarm;扩压器旋转失速报警;
SRD Stall Closure Time;扩压器关闭时间;
SRD;扩压器配置;
SSID(access point name);WiFi名称;
STATUS & POC TABLE;STATUS & POC TABLE;
STEP HV VFD = 9;新时达高压变频器 = 9;
SUCCESS;成功;
Safe Stop;安全停车;
Safety Stop Status;变频器安全停机状态;
Sat Temp=0, Ref Temp=1;饱和温度=0, 制冷剂温度=1;
Sat Temp=0,Flow Switch=1;饱和温度=0,流量开关=1;
Sat;六;
Saturday;周六;
Save  ;保存;
Save operation is not successful. Please try again.  ;保存失败，请重试。;
Save operation is not successful. Please try again.;保存没有成功，请再次尝试;
Save;保存;
Saved successfully  ;保存成功;
Saved successfully;保存成功;
Schedule Groups;计划组;
Schedule Menu;日程菜单;
Schedules;计划;
Search  ;搜索;
Search;搜索;
Seconds;秒;
Select Language  ;选择语言;
Sender Email Part1;发件人用户名;
Sender Email Part2;发件人邮箱域名;
Sensata=2;Sensata=2;
Sensor Type Option:;传感器类型选项：;
Sept  ;九月;
September;九月;
Serial Number;序列号;
Series Counter Flow;串联逆流选项;
Server Address;服务器地址;
Server Authentification;服务器认证;
Server Timeout;服务器超时;
Service Login ;服务人员登录;
Service Login Screen Special Web;特殊服务人员登录界面网页;
Service Login Screen Special;特殊服务人员登陆界面;
Service Login has been blocked due to multiple incorrect login attempts;错误登录次数过多，该服务等级登录暂时被禁止;
Service Login will be unblocked in:;服务等级登录解禁时间：;
Service Parameters;服务参数;
Service Purge Unit;保养抽气装置;
Service Special Password;服务人员特殊密码;
Service Starter;保养电机启动柜;
Service Trip,Typecode;服务跳闸，类型代码/备件;
Set IP;设置 IP;
Set net mask;设置子网掩码;
Set;设置;
Setp 1;设定点1;
Setp 2;设定点2;
Setp Sw;设定点开关;
Setpoint;设定点;
Setup;设置;
Shaft Displacement Type;叶轮位移开关类型;
Short Circuit;短路;
Shunt Trip Relay Status;跳断继电器状态;
Shunt Trip Relay;跳断继电器;
Shutdown - Alarm;关机-报警;
Shutdown - Compressor Deenergized;关机-压缩机停止;
Shutdown - Emergency Stop;关机-紧急停止;
Shutdown - Normal;关机-正常;
Shutdown - Recycle Ice Build;关机-再循环制冰;
Shutdown - Recycle;关机-再循环;
Shutdown;关机;
Single Cycle Dropout;单周波缺损;
Single=1, Double=2;单极=1, 双极=2;
Skip Frequency 1;跳频点1;
Skip Frequency 2;跳频点2;
Skip Frequency 3;跳频点3;
Skip Frequency Band;跳频带;
Slave Address;从机地址;
Slave Control Type;从机控制模式;
Slave Device 1 Address;Modbus从机1地址;
Slave Device 2 Address;Modbus从机2地址;
Slave Device 3 Address;Modbus从机3地址;
Slave Device 4 Address;Modbus从机4地址;
Slave Device 5 Address;Modbus从机5地址;
Slave Run Status;从机运行状态;
Slave Start/Stop;从机开机/关机;
Slave=2, Both=3;从机=2, 两者=3;
Soft Stop Amps Threshold;软停机电流设定点;
Software Key;软件密钥;
Software Part Number;软件版本号;
Software Version;软件版本信息;
Solid State=2, FS VFD=3;固态=2,非机载变频器=3;
Something went wrong. Please try again.  ;错误，请重试;
Sound Ctrl IGV1 Open Deg;噪声优化导叶1开度(角度);
Sound DTSmin Factor;低噪音最小饱和温差因子;
Sound Line Shape Factor;噪音边界形状因子;
Spare Safety Input;备用安全输入;
Special Password Expires in:;特殊密码失效时间：;
Standby;待机;
Start  ;开始;
Start Complete;启动完成;
Start Condenser Flush;启动冷凝器冲洗;
Start Date;开始日期;
Start Free Cooling;启动自然冷却;
Start to Start Delay;开机到开机延时;
Start to Start Timer;开机到开机计时;
Start;开始;
Starter Accel Fault;启动柜加速故障;
Starter Fault Feedback;启动柜故障反馈;
Starter Fault;启动柜故障;
Starter LRA Rating;启动柜额定堵转电流;
Starter LRA Trip;启动柜LRA跳断;
Starter Trans Sw Status;启动柜转换继电器软件状态;
Starter Type;启动柜类型;
Starter with ISM = 0;ISM启动柜 = 0;
Starts Num in 12 Hours;12小时内启动次数;
Startup Inhibited - Loadshed in Effect;禁止开机-卸载有效;
Startup Sequence;启动顺序;
Startup in Progress;启动进行中;
Startup;启动;
Status;状态;
Stop Complete;停机完成;
Stop Fault;停机故障;
Stop Override;机组强制锁定;
Stop to Start Delay;停机到开机延时;
Stop to Start Timer;停机到开机计时;
Stop;停止;
Stop=0, Change=1, Cont=2;停止=0,变化=1,继续=2;
Submit;确认;
Success=1, Verifying=2;成功=1,确认中=2;
Sun;日;
Sunday;周日;
Supply Liquid Temp;系统供水温度;
Surge Al Act Sw;喘振自学习控制;
Surge Al Correct Sw;自学习喘振线纠正;
Surge Al Enable;喘振自学习启用;
Surge Al Reset Sw;自学习喘振线重置;
Surge Correction;喘振保护;
Surge Counts;喘振次数;
Surge Delay Time;喘振延迟时间;
Surge Delta Amps %;喘振电流变化百分比;
Surge Delta Tsmax;喘振线最大饱和温差;
Surge Delta Tsmin;喘振线最小饱和温差;
Surge Line Configuration;喘振线配置选项;
Surge Line Lower DB;喘振线下静止带;
Surge Line Offset;喘振线偏移量;
Surge Line Shape Factor;喘振线形状因子;
Surge Line Speed Factor;喘振线速度因子;
Surge Line Upper DB;喘振线上静止带;
Surge Map Update Flag;自学习喘振点更新标志;
Surge Prevention Active;喘振预防进行中;
Surge Prevention;喘振预防;
Surge Profile Offset;喘振线修正量;
Surge Profile Step;喘振线步长;
Surge Protection Active;喘振保护进行中;
Surge Protection Counts;喘振保护次数;
Surge Protection;喘振保护;
Surge Region;喘振区域;
Surge Time Period;喘振计算周期;
Surge;喘振;
Swift Restart Active;快速重启中;
Swift Restart In Progress;快速重启中;
Swift Restart Option;快速重启选项;
Swift Restart;快速重启;
Swift Restarts in 1 Hour;1小时内快速重启次数;
System Bypass Option;系统旁路选项;
System Configuration;系统设置;
System Control Mode;系统控制模式;
System Control Point;系统控制点;
System Demand Limit;系统负荷限制;
System Information;系统版本信息;
System KW;系统功率;
System Percent Load;系统负载百分比;
System Status;系统运行状态;
System View;系统视图;
System call failed;系统调用失败;
System of Measurement  ;单位制;
System of measurement;单位制;
System;系统;
Take Oil Sample for Analysis;提取分析油样本;
Take Refrigerant Sample for Analysis;提取分析制冷剂样本;
Take over on Comm Loss;通讯故障时替补运行;
Target GV1 Pos;导叶1目标位置;
Target GV2 Pos;导叶2目标位置;
Target VFD Frequency;目标变频器频率;
Target VFD Speed Per;变频器目标速度百分比;
Target VFD Speed;目标变频器速度;
Target Valve Position;目标调节阀位置;
Technical data copy in progress;正在导出服务数据;
Temp Ramp per Min;每分钟温度加载值;
Temp Reset Type;温度修正类型;
Temp Sensor Calib;温度传感器校准;
Temp=0, Load=1;温度=0,负荷=1;
Temp=0,Contact=1,Both=2;温度=0,触点=1,两者=2;
Temperature Ramping;温度缓慢加载进行中;
Temperature Reset;温度修正配置;
Temperatures;温度;
Terminal Resister;终端电阻;
Terminate Pumpdown/Lockout;终止泵出/锁定;
The 1st time 30-Min Ref Lubricating;首次开机制冷剂润滑测试30分钟;
The Admin or Factory permission level is required to access the requested screen.  Please log in.;访问请求的屏幕需要管理员或工厂权限级别。请登录。;
The Admin permission level is required to access the requested screen.  Please log in.;访问请求的屏幕需要管理员权限级别。请登录。;
The Factory permission level is required to access the requested screen.  Please log in.;需具备“工厂”权限级别才能访问所请求的屏幕。 请登录。;
The User or Admin permission level is required to access the requested screen.  Please log in.;访问请求的屏幕需要用户或管理员权限级别。请登录。;
The User, Admin, or Factory permission level is required to access the requested screen.  Please log in.;访问请求的屏幕需要用户、管理员或工厂权限级别。请登录。;
The new password and confirmation password do not match;修改密码不一致;
The new user password is invalid;新密码无效;
The password entered does not match any stored passwords.;输入的密码与任何存储的密码不匹配。;
The selection must be 1 to 10  ;选择范围1到10;
The user is not authorized;该用户不能登录;
The user password change failed;用户密码修改失败;
The user password changed successfully;用户密码修改成功;
There is not enough memory available to display the requested screen.;内存不足，无法显示请求的屏幕。;
This is a test !;这是测试邮件!;
Thrust Bearing Oil Temp;压缩机推力轴承出油温度;
Thrust Bearing Temp;压缩机推力轴承温度;
Thu;四;
Thursday;周四;
Tianmu=0, Texas=1;Tianmu=0, Texas=1;
Time  ;时间;
Time Master;时间主控制器;
Time Sync/User Choice;时间同步方法选择;
Time should be positive integer number  ;时间必须为正整数;
Time should be positive integer number;时间必须是正整数;
Time should be up-to 24 hours per day  ;每天时间不能超过24小时;
Time synchronized successfully;时间同步成功;
Time to Start;延时启动;
Time zone set successfully ;时区设置成功;
Timed Override Extension;定时优先超出;
Timeout - Delay to Start in;延时-距启动还有;
Timeout;延时中;
Timezone Status ;时区设置状态;
Timezone;设置时区;
To start/stop chiller on HMI, please switch to LOCAL mode.;如果想要在本地启动/停止，请先切换到本地模式。;
Torque Limit;转矩极限;
Total Error + Resets;误差 + 偏移量;
Total Pumpout Count;累计泵出次数;
Total Pumpout Numbers;抽气装置累计泵出次数;
Total Pumpout Time;抽气装置累计泵出时间;
Total RAM Memory;总内存;
Total number no response ;无回应总次数;
Total number of ARH busy ;ARH 繁忙总次数;
Total number of NACK ;NACK总次数;
Total number of messages ;信息总次数;
Touchscreen Setup;触摸屏设置;
Tower Fan High Setpoint;冷却塔风机高速设定点;
Tower Fan Relay High;冷却塔高速风扇;
Tower Fan Relay Low;冷却塔低速风扇;
Trans Calib Threshold;压力传感器校准阈值;
Trans Calibration Done;压力传感器校准完成;
Transducer Calibration in Effect;压力传感器校准中;
Transducer Deviation;压力传感器偏移;
Transmission Status;传动系统状态;
Transmission Status_L;传动系统状态;
Transmission Status_N;传动系统状态 ;
Trend Display;数据趋势图显示;
Trending;数据趋势图;
Trends;趋势;
Tripout;跳机;
True;真;
Tue;二;
Tuesday;周二;
UI Version;UI版本;
UI board - Boot loader Build info;UI板 - 引导加载程序构建信息;
UI board - Boot loader Version;UI板 - 引导加载程序版本;
UI board - OS Build info;UI板 - 操作系统构建信息;
UI board - OS Version;UI板 - 操作系统版本;
UNITS;单位;
UNUSED;未使用;
US Imp  ;英制;
US Imp;英制;
USB Logs Export;USB日志导出;
USB is short of space;U盘空间不足;
USB not connected;未检测到U盘;
Unable to copy files to USB;数据传输至U盘失败;
Under Volt Start Delay;低电压启动延时;
Under Voltage;欠电压;
Undervoltage Threshold;欠电压阈值;
Unit Bypass Option;单元旁路选项;
Unit Type;单冷热泵选择;
Unit is Lead or Lag;机组是领先机组或滞后机组;
Units Stop;机组停止;
Units;单位;
Unoccupied;未被占用;
Unused;未使用;
Used Sockets;套接字;
User Login Screen;普通用户登录;
User Login;普通用户登录;
User Password Change;修改用户密码;
User Password;用户密码;
Username & Domain Name=2;用户名和域名认证=2;
Username Only=1;用户名认证=1;
VDO High Lift Load Line;扩压器优化高喘振线温差;
VDO Logic Start Delay;扩压器优化逻辑启用延时;
VDO Low Lift Load Line;扩压器优化低喘振线温差;
VDO Optimization;可变扩压器优化模式;
VFD Alarm Code;变频器报警字;
VFD Appl digital Output;变频器数字量输出;
VFD Change Rate;VFD 变化率;
VFD Checksum Error;变频器校验错误;
VFD Cold Plate Temp;变频器冷板温度;
VFD Comm Fail;变频器通讯故障;
VFD Command Word;变频器命令字;
VFD Config Conflict;变频器配置冲突;
VFD Cooling;变频器冷却电磁阀;
VFD Current Input;变频器电流实际输入;
VFD Current Limit;变频器电流限制;
VFD Enclosure Temp;变频器壳体温度;
VFD Fault Reset;复位变频器告警;
VFD Fault;变频器故障;
VFD Feedback Voltage Sel;变频器反馈电压类型选择;
VFD Forced Speed;变频器强制速度;
VFD Forced;变频器强制;
VFD Gain;变频器速度增益;
VFD Line Param Calib;变频器输入侧参数校准;
VFD Load Current 20mA;变频器20mA负载电流值;
VFD Load Current Input;变频器负载电流输入;
VFD Load Current;变频器负载电流;
VFD Load Factor;变频器负载因子;
VFD Max Speed Per;变频器最大速度百分比;
VFD Min Speed Per;变频器最小速度百分比;
VFD Output Percent;变频器百分比输出;
VFD Output Voltage;变频器电压输出;
VFD Parameters;变频器参数配置;
VFD Power on Reset;变频器上电复位;
VFD Rampdown;变频控制减载进行中;
VFD Reading Percent;变频器百分比读数;
VFD Reading mA;变频器毫安读数;
VFD Run Relay Status;变频器运行状态;
VFD Running Status;变频器运行状态;
VFD Speed 100%,Load 10%;转速100%,负载10%;
VFD Speed 100%,Load 100%;转速100%,负载100%;
VFD Speed 100%,Load 30%;转速100%,负载30%;
VFD Speed 100%,Load 50%;转速100%,负载50%;
VFD Speed 100%,Load 70%;转速100%,负载70%;
VFD Speed 70%,Load 10%;转速70%,负载10%;
VFD Speed 70%,Load 100%;转速70%,负载100%;
VFD Speed 70%,Load 30%;转速70%,负载30%;
VFD Speed 70%,Load 50%;转速70%,负载50%;
VFD Speed 70%,Load 70%;转速70%,负载70%;
VFD Speed 83%, Load 100%;转速83%,负载100%;
VFD Speed 83%, Load 30%;转速83%,负载30%;
VFD Speed 83%, Load 50%;转速83%,负载50%;
VFD Speed 83%, Load 70%;转速83%,负载70%;
VFD Speed 83%,Load 10%;转速83%,负载10%;
VFD Speed 92%, Load 10%;转速92%,负载10%;
VFD Speed 92%, Load 100%;转速92%,负载100%;
VFD Speed 92%, Load 30%;转速92%,负载30%;
VFD Speed 92%, Load 50%;转速92%,负载50%;
VFD Speed 92%, Load 70%;转速92%,负载70%;
VFD Speed @Shutdown;断电时变频器速度;
VFD Speed Change Delta;变频器速度改变量;
VFD Speed Change Flag;变频器速度改变标志;
VFD Speed Feedback;变频器速度反馈电压;
VFD Speed Output mA;变频器速度输出;
VFD Speed Step Surge;喘振保护变频器速度增加步长;
VFD Start Inhibit Status;变频器禁止启动状态;
VFD Start Inhibit;变频器禁止启动;
VFD Start;变频器启停状态;
VFD Startup Speed Per;变频器启动速度百分比;
VFD Status Word;变频器状态字;
VFD Status;变频器状态;
VFD Surge Position;自学习喘振时变频器百分比(%);
VFD Test Enable;启用变频器测试;
VFD/Starter Option;变频器/启动柜选项;
VFD;变频器状态;
VSD Water System;变流量水系统;
Value must be between  ;取值必须在这之间;
Value must be valid number;输入值无效;
Valve Control Mode;调节阀控制模式;
Valves Force=2;控制阀强制=2;
Vapor SV Forced Value;气源控制阀强制值;
Vapor SV Forced;气源控制阀强制;
Vapor Source SV Delay;气源控制阀延时;
Vapor Source SV Option;气源控制阀选项;
Vapor Source SV;气源控制电磁阀;
Vapor Source;气源控制阀;
Volt Transformer Ratio:1;电压互感器变比:1;
Voltage Imbal Persist;电压不平衡持续时间;
Voltage Imbal Threshold;电压不平衡率阈值;
Voltage Imbalance;电压不平衡;
WTR Flow MTR=1,;水流量计=1,;
WTR Flow PD TRD=1,;水流压力=1,;
WTR Flow PD TRM=2;水流压力差=2;
WTR Flow PD=2;水压降=2;
Warning;警告;
Water DT=3;水温差=3;
Water Flow Determination;水流测定方式;
Water Flow Measurement;水流量测量;
Water Flow Verification Failed;水流检测失败;
Water Flow Verify Time;水流量确认时间;
Water Flow Verifying ...;水流检测中 ...;
Water Flow at 20mA;20毫安输入时水流量;
Water Flow at 4mA;4毫安输入时水流量;
Water Lift at Surge;自学习喘振时刻出水温差;
Water Pres Drop @20mA;20毫安输入时水压降;
Water Pressure Option;水压传感器选项;
Water;水;
Wed;三;
Wednesday;周三;
Wifi Configuration;WiFi设置;
YES;是;
Yes  ;是;
Yes;是;
You are not authorized to access this page;你现在没有权限登录此页面;
Your login password;当前密码;
Your recent changes haven't been saved. Click OK to continue. Click Cancel to stay in current screen.;你最新的改动没有保存。点击确定继续，点击取消停留在此页面。;
Zone is currently:;目前区域:;
\n;\n;
_;_;
and   ;和;
bogus netmask;虚假的子网掩码;
cannot execute gateway_wrapper.sh;无法执行gateway_wrapper.sh;
cannot execute sntp_wrapper.sh;无法执行sntp_wrapper.sh;
cannot get  ip via DHCP;动态获取IP失败;
connected to access point , getting ip via DHCP;连接到WiFi热点，正在动态获取IP;
day - hour : minute;天 - 小时 : 分钟;
days;天;
enter + down;回车 + 下;
enter + escape;回车 + ESC;
enter + up;回车 + 上;
error in setting ip address;IP地址配置错误;
escape + down;ESC + 下;
escape + up;ESC + 上;
eth0;eth0;
eth1;eth1;
failed to execute gateway_wrapper script ;执行gateway_wrapper脚本失败;
failure in name resolution;域名解析错误;
gateway ip;网关IP;
gateway;网关;
gateway_wrapper.sh not found;gateway_wrapper.sh没有找到;
got ip;成功获得IP地址;
hours;小时;
incorrect arguments to gateway_wrapper;传递给gateway_wrapper参数错误;
invalid gateway ip;网关IP地址无效;
invalid gateway mask ;网关掩码无效;
ip address applied successfully;IP地址配置成功;
ip address;IP 地址;
len_scan module status ;len_scan模块状态;
long down;长按 下;
long escape;长按ESC;
long up;长按 上;
mA;电流;
mac address;MAC 地址;
min;分钟;
minutes;分钟;
net mask;子网掩码;
netmask and route address conflict ;网络掩码和路由地址冲突;
netmask;子网掩码;
not in sync, skipping this server;不在同步, 跳过此服务器;
ntp server address empty;NTP服务器地址为空;
response after 1 seconds;1秒之后响应;
scanning;正在搜索信号;
sec;秒;
should be positive integer number  ;应该是正整数;
sntp_wrapper.sh not found;sntp_wrapper.sh没有找到;
system() failed to execute script;系统执行脚本失败;
test2;test2;
test;test;
text length is greater than original text length  ;文本长度大于原始文本长度;
text length is greater than original text length;文本长度超过原始文本长度;
text;text;
time  ;时间;
time should be greater than  ;时间必须大于;
time should be greater than;时间必须大于;
time should be lesser than  ;时间必须小于;
time should be lesser than;时间必须小于;
time;时间;
to be filled;待填写;
to;至;
until;直到;
up + down;上 + 下;
wifi disconnected;WiFi连接断开;
wifi gateway;WiFi网关;
wifi inactive;WiFi 未激活;
wifi interface disabled;WiFi 设备禁用;
wifi ip;WiFi IP;
wifi netmask;WiFi网络掩码;
wlan0;wlan0;
русский;русский;
日本語;日本語;
简体中文;简体中文;
繁體中文;繁體中文;
한국어;한국어;
